學年度,洲別,國別,學位生_正式修讀學位外國生[人],學位生_僑生(含港澳)[人],學位生_正式修讀學位陸生[人],非學位生_外國交換生[人],非學位生_外國短期研習及個人選讀[人],非學位生_大專附設華語文中心學生[人],非學位生_大陸研修生[人],非學位生_海青班[人],境外專班[人]
103,亞洲,中國大陸,0,0,5881,0,0,377,27030,0,0
103,亞洲,馬來西亞,3671,6254,0,35,839,85,0,2402,99
103,亞洲,香港,0,5814,0,193,220,59,0,0,0
103,亞洲,日本,698,177,0,494,1423,3024,0,0,0
103,亞洲,澳門,0,4693,0,10,3,17,0,0,0
103,亞洲,越南,2450,291,0,11,41,922,0,0,290
103,亞洲,南韓,511,186,0,708,248,1933,0,1,0
103,亞洲,印尼,1374,971,0,35,134,976,0,69,0
103,亞洲,泰國,548,268,0,108,150,461,0,0,0
103,亞洲,印度,646,3,0,26,85,97,0,0,0
103,亞洲,蒙古,571,0,0,21,3,210,0,0,0
103,亞洲,新加坡,100,99,0,107,340,32,0,0,10
103,亞洲,菲律賓,138,33,0,18,85,292,0,0,0
103,亞洲,緬甸,5,407,0,1,2,42,0,31,0
103,亞洲,俄羅斯,155,1,0,32,13,192,0,0,0
103,亞洲,土耳其,45,0,0,9,2,69,0,0,0
103,亞洲,伊朗,44,0,0,0,2,8,0,0,0
103,亞洲,尼泊爾,29,0,0,0,8,16,0,0,0
103,亞洲,約旦,30,3,0,0,0,6,0,0,0
103,亞洲,以色列,13,0,0,0,5,19,0,0,0
103,亞洲,巴基斯坦,19,2,0,0,2,0,0,0,0
103,亞洲,汶萊,4,12,0,0,2,2,0,3,0
103,亞洲,伊拉克,15,0,0,0,1,3,0,0,0
103,亞洲,哈薩克,7,0,0,0,5,7,0,0,0
103,亞洲,孟加拉,12,1,0,0,0,3,0,0,0
103,亞洲,斯里蘭卡,14,1,0,0,0,1,0,0,0
103,亞洲,不丹,1,0,0,0,0,11,0,0,0
103,亞洲,塔吉克,5,0,0,0,0,6,0,0,0
103,亞洲,烏茲別克,2,0,0,0,0,7,0,0,0
103,亞洲,沙烏地阿拉伯,2,2,0,0,0,2,0,0,0
103,亞洲,寮國,1,3,0,0,0,1,0,0,0
103,亞洲,柬埔寨,1,1,0,0,1,1,0,0,0
103,亞洲,葉門,0,3,0,0,1,0,0,0,0
103,亞洲,吉爾吉斯,4,0,0,0,0,0,0,0,0
103,亞洲,亞美尼亞,1,0,0,0,0,3,0,0,0
103,亞洲,黎巴嫩,1,1,0,0,0,1,0,0,0
103,亞洲,巴林,0,1,0,0,0,1,0,0,0
103,亞洲,科威特,0,1,0,0,0,1,0,0,0
103,亞洲,阿拉伯聯合大公國,0,1,0,0,1,0,0,0,0
103,亞洲,土庫曼,2,0,0,0,0,0,0,0,0
103,亞洲,阿曼,0,0,0,0,0,1,0,0,0
103,亞洲,敘利亞,1,0,0,0,0,0,0,0,0
103,亞洲,喬治亞,1,0,0,0,0,0,0,0,0
103,亞洲,亞塞拜然,1,0,0,0,0,0,0,0,0
103,大洋洲,澳大利亞,19,16,0,34,48,254,0,0,0
103,大洋洲,紐西蘭,9,25,0,1,5,42,0,0,0
103,大洋洲,索羅門群島,52,0,0,0,0,27,0,0,0
103,大洋洲,吉里巴斯,34,0,0,0,0,27,0,0,0
103,大洋洲,吐瓦魯,27,0,0,0,0,16,0,0,0
103,大洋洲,帛琉,24,2,0,0,0,12,0,0,0
103,大洋洲,馬紹爾群島共和國,18,0,0,0,0,9,0,0,0
103,大洋洲,諾魯,9,0,0,0,0,11,0,0,0
103,大洋洲,巴布亞紐幾內亞,2,1,0,0,0,2,0,0,0
103,大洋洲,斐濟,0,2,0,0,0,1,0,0,0
103,非洲,史瓦濟蘭,164,3,0,0,0,44,0,0,0
103,非洲,甘比亞,167,1,0,0,1,20,0,0,0
103,非洲,南非,36,76,0,0,4,57,0,0,0
103,非洲,布吉納法索,61,0,0,0,0,50,0,0,0
103,非洲,聖多美普林西比,42,0,0,0,0,26,0,0,0
103,非洲,衣索比亞,52,0,0,0,0,0,0,0,0
103,非洲,奈及利亞,21,0,0,0,1,3,0,0,0
103,非洲,肯亞,20,1,0,0,0,3,0,0,0
103,非洲,埃及,18,1,0,0,2,2,0,0,0
103,非洲,馬拉威,15,3,0,0,0,1,0,0,0
103,非洲,摩洛哥,0,0,0,4,10,5,0,0,0
103,非洲,剛果,6,0,0,0,0,2,0,0,0
103,非洲,莫三比克,4,0,0,0,0,4,0,0,0
103,非洲,突尼西亞,0,0,0,0,4,4,0,0,0
103,非洲,象牙海岸,1,3,0,0,0,3,0,0,0
103,非洲,模里西斯,0,6,0,0,0,0,0,0,0
103,非洲,辛巴威,4,0,0,0,0,2,0,0,0
103,非洲,喀麥隆,3,0,0,1,0,1,0,0,0
103,非洲,坦尚尼亞,4,0,0,0,0,0,0,0,0
103,非洲,多哥,1,0,0,0,0,3,0,0,0
103,非洲,納米比亞,0,2,0,0,0,2,0,0,0
103,非洲,阿爾及利亞,1,0,0,0,0,2,0,0,0
103,非洲,塞內加爾,1,0,0,0,1,1,0,0,0
103,非洲,蘇丹,2,0,0,0,0,1,0,0,0
103,非洲,貝南,1,0,0,0,0,1,0,0,0
103,非洲,盧安達,1,0,0,0,0,1,0,0,0
103,非洲,烏干達,1,0,0,0,0,1,0,0,0
103,非洲,南蘇丹共和國,0,0,0,0,0,2,0,0,0
103,非洲,葛摩聯盟,0,1,0,0,0,0,0,0,0
103,非洲,迦納,0,0,0,0,1,0,0,0,0
103,非洲,利比亞,1,0,0,0,0,0,0,0,0
103,歐洲,法國,104,1,0,505,100,847,0,0,0
103,歐洲,德國,79,3,0,350,142,526,0,0,0
103,歐洲,荷蘭,18,2,0,154,33,155,0,0,0
103,歐洲,英國,43,4,0,13,37,259,0,0,0
103,歐洲,西班牙,35,5,0,73,15,173,0,0,0
103,歐洲,義大利,23,1,0,78,12,149,0,0,0
103,歐洲,捷克,31,0,0,84,35,81,0,0,0
103,歐洲,波蘭,39,0,0,25,65,71,0,0,0
103,歐洲,瑞典,9,1,0,103,8,77,0,0,0
103,歐洲,比利時,7,1,0,58,9,75,0,0,0
103,歐洲,瑞士,14,0,0,29,8,84,0,0,0
103,歐洲,奧地利,14,0,0,34,16,63,0,0,0
103,歐洲,芬蘭,3,0,0,49,4,46,0,0,0
103,歐洲,丹麥,7,0,0,29,5,35,0,0,0
103,歐洲,烏克蘭,38,0,0,3,2,24,0,0,0
103,歐洲,匈牙利,27,0,0,1,5,26,0,0,0
103,歐洲,斯洛伐克,19,0,0,7,5,28,0,0,0
103,歐洲,愛爾蘭,2,0,0,8,0,38,0,0,0
103,歐洲,挪威,5,0,0,15,1,19,0,0,0
103,歐洲,葡萄牙,5,1,0,4,2,20,0,0,0
103,歐洲,立陶宛,5,0,0,10,0,17,0,0,0
103,歐洲,克羅埃西亞,8,0,0,2,2,10,0,0,0
103,歐洲,斯洛維尼亞,5,0,0,0,7,9,0,0,0
103,歐洲,白俄羅斯,10,0,0,2,0,7,0,0,0
103,歐洲,保加利亞,4,0,0,3,3,7,0,0,0
103,歐洲,羅馬尼亞,4,0,0,2,0,5,0,0,0
103,歐洲,拉脫維亞,5,0,0,0,0,6,0,0,0
103,歐洲,希臘,2,0,0,0,0,8,0,0,0
103,歐洲,盧森堡,1,0,0,0,3,4,0,0,0
103,歐洲,愛沙尼亞,2,0,0,0,0,6,0,0,0
103,歐洲,馬其頓,2,0,0,0,0,2,0,0,0
103,歐洲,波士尼亞與赫塞哥維納,3,0,0,0,0,1,0,0,0
103,歐洲,冰島,0,0,0,0,0,2,0,0,0
103,歐洲,塞爾維亞共和國,1,0,0,0,1,0,0,0,0
103,歐洲,摩納哥,0,0,0,0,0,1,0,0,0
103,美洲,美國,419,259,0,182,467,1998,0,3,0
103,美洲,加拿大,77,205,0,57,46,283,0,0,0
103,美洲,宏都拉斯,156,2,0,0,13,62,0,0,0
103,美洲,巴拉圭,80,46,0,0,0,52,0,0,0
103,美洲,墨西哥,43,13,0,3,6,97,0,0,0
103,美洲,尼加拉瓜,101,13,0,0,0,46,0,0,0
103,美洲,貝里斯,95,27,0,0,0,36,0,1,0
103,美洲,薩爾瓦多,94,8,0,0,0,47,0,0,0
103,美洲,巴拿馬,83,5,0,0,0,55,0,0,0
103,美洲,巴西,17,42,0,7,5,72,0,0,0
103,美洲,瓜地馬拉,77,10,0,0,3,44,0,0,0
103,美洲,多明尼加,27,22,0,0,0,79,0,0,0
103,美洲,海地,66,0,0,1,0,46,0,0,0
103,美洲,聖露西亞,60,4,0,0,0,32,0,0,0
103,美洲,厄瓜多,27,16,0,1,0,30,0,0,0
103,美洲,聖文森,38,0,0,0,0,20,0,0,0
103,美洲,秘魯,20,8,0,0,0,25,0,0,0
103,美洲,哥倫比亞,16,0,0,2,0,33,0,0,0
103,美洲,聖克里斯多福,26,0,0,0,0,20,0,0,0
103,美洲,阿根廷,6,29,0,0,2,7,0,0,0
103,美洲,智利,8,11,0,1,0,18,0,0,0
103,美洲,哥斯大黎加,3,12,0,0,0,4,0,0,0
103,美洲,玻利維亞,3,5,0,0,1,3,0,0,0
103,美洲,委內瑞拉,2,4,0,0,0,6,0,0,0
103,美洲,巴貝多,2,0,0,0,0,0,0,0,0
103,美洲,巴哈馬,0,0,0,0,1,0,0,0,0
103,美洲,古巴,0,0,0,0,1,0,0,0,0
103,美洲,多米尼克,0,1,0,0,0,0,0,0,0
103,美洲,烏拉圭,0,1,0,0,0,0,0,0,0
104,亞洲,中國大陸,0,0,7813,0,0,24,34114,0,0
104,亞洲,馬來西亞,4465,7053,0,38,848,247,0,2291,112
104,亞洲,香港,0,7333,0,188,205,507,0,0,0
104,亞洲,日本,791,175,0,499,1554,3436,0,0,0
104,亞洲,澳門,0,5001,0,21,12,118,0,0,0
104,亞洲,印尼,1623,1101,0,68,162,1442,0,58,0
104,亞洲,越南,2586,307,0,50,47,1096,0,0,373
104,亞洲,南韓,596,196,0,781,417,2070,0,2,0
104,亞洲,泰國,506,260,0,129,241,455,0,0,0
104,亞洲,印度,803,1,0,32,99,228,0,0,0
104,亞洲,蒙古,607,0,0,6,5,192,0,0,0
104,亞洲,新加坡,101,89,0,116,240,110,0,0,7
104,亞洲,緬甸,9,454,0,0,5,71,0,38,0
104,亞洲,菲律賓,139,34,0,22,119,256,0,0,0
104,亞洲,俄羅斯,146,1,0,39,6,205,0,0,0
104,亞洲,土耳其,56,0,0,7,4,83,0,0,0
104,亞洲,約旦,30,5,0,0,0,37,0,0,0
104,亞洲,伊朗,47,0,0,0,5,13,0,0,0
104,亞洲,尼泊爾,34,0,0,0,2,12,0,0,0
104,亞洲,以色列,13,0,0,7,3,23,0,0,0
104,亞洲,巴基斯坦,35,1,0,0,5,1,0,0,0
104,亞洲,汶萊,5,13,0,6,4,0,0,5,0
104,亞洲,斯里蘭卡,16,1,0,0,0,1,0,0,0
104,亞洲,伊拉克,10,0,0,0,0,6,0,0,0
104,亞洲,孟加拉,14,1,0,0,0,0,0,0,0
104,亞洲,不丹,1,0,0,0,0,14,0,0,0
104,亞洲,哈薩克,7,0,0,0,1,3,0,0,0
104,亞洲,烏茲別克,3,0,0,0,1,7,0,0,0
104,亞洲,塔吉克,6,0,0,0,0,2,0,0,0
104,亞洲,阿拉伯聯合大公國,0,2,0,0,2,2,0,0,0
104,亞洲,葉門,1,3,0,0,0,2,0,0,0
104,亞洲,吉爾吉斯,6,0,0,0,0,0,0,0,0
104,亞洲,巴林,1,1,0,0,3,0,0,0,0
104,亞洲,柬埔寨,2,1,0,0,1,0,0,0,0
104,亞洲,寮國,2,2,0,0,0,0,0,0,0
104,亞洲,黎巴嫩,1,1,0,0,1,1,0,0,0
104,亞洲,沙烏地阿拉伯,2,2,0,0,0,0,0,0,0
104,亞洲,敘利亞,1,0,0,0,0,2,0,0,0
104,亞洲,亞美尼亞,0,0,0,0,0,3,0,0,0
104,亞洲,科威特,0,1,0,0,0,1,0,0,0
104,亞洲,巴勒斯坦,0,0,0,0,0,2,0,0,0
104,亞洲,土庫曼,2,0,0,0,0,0,0,0,0
104,亞洲,亞塞拜然,0,0,0,0,0,1,0,0,0
104,亞洲,摩爾多瓦,1,0,0,0,0,0,0,0,0
104,大洋洲,澳大利亞,16,15,0,24,58,294,0,0,0
104,大洋洲,紐西蘭,6,25,0,6,13,66,0,0,0
104,大洋洲,索羅門群島,64,0,0,0,0,50,0,0,0
104,大洋洲,吉里巴斯,42,0,0,0,0,29,0,0,0
104,大洋洲,馬紹爾群島共和國,20,0,0,0,0,33,0,0,0
104,大洋洲,吐瓦魯,29,0,0,0,0,18,0,0,0
104,大洋洲,帛琉,25,3,0,0,0,12,0,0,0
104,大洋洲,諾魯,8,0,0,0,0,13,0,0,0
104,大洋洲,巴布亞紐幾內亞,3,2,0,0,0,0,0,0,0
104,大洋洲,斐濟,0,1,0,0,0,0,0,0,0
104,大洋洲,密克羅尼西亞,1,0,0,0,0,0,0,0,0
104,非洲,史瓦濟蘭,191,1,0,0,0,145,0,0,0
104,非洲,南非,38,68,0,0,1,81,0,0,0
104,非洲,甘比亞,139,0,0,0,0,46,0,0,0
104,非洲,布吉納法索,75,0,0,0,0,63,0,0,0
104,非洲,聖多美普林西比,40,0,0,0,0,22,0,0,0
104,非洲,衣索比亞,59,0,0,0,0,1,0,0,0
104,非洲,奈及利亞,24,0,0,1,0,3,0,0,0
104,非洲,馬拉威,21,3,0,0,0,2,0,0,0
104,非洲,埃及,17,1,0,0,2,5,0,0,0
104,非洲,肯亞,18,1,0,0,0,2,0,0,0
104,非洲,摩洛哥,1,0,0,5,6,7,0,0,0
104,非洲,剛果,5,0,0,0,0,2,0,0,0
104,非洲,辛巴威,5,0,0,0,0,2,0,0,0
104,非洲,喀麥隆,4,0,0,0,0,2,0,0,0
104,非洲,象牙海岸,1,3,0,0,0,1,0,0,0
104,非洲,坦尚尼亞,5,0,0,0,0,0,0,0,0
104,非洲,模里西斯,0,4,0,0,0,0,0,0,0
104,非洲,莫三比克,3,0,0,0,0,1,0,0,0
104,非洲,波札那,1,0,0,0,0,2,0,0,0
104,非洲,蘇丹,2,0,0,0,0,1,0,0,0
104,非洲,多哥,1,0,0,0,0,2,0,0,0
104,非洲,突尼西亞,1,0,0,0,1,1,0,0,0
104,非洲,貝南,1,0,0,0,0,1,0,0,0
104,非洲,查德,0,0,0,0,0,2,0,0,0
104,非洲,獅子山共和國,1,0,0,0,0,1,0,0,0
104,非洲,烏干達,1,0,0,0,0,1,0,0,0
104,非洲,尚比亞,0,0,0,0,0,2,0,0,0
104,非洲,納米比亞,0,1,0,0,0,1,0,0,0
104,非洲,阿爾及利亞,0,0,0,1,0,0,0,0,0
104,非洲,加彭,0,0,0,1,0,0,0,0,0
104,非洲,迦納,1,0,0,0,0,0,0,0,0
104,非洲,賴比瑞亞,1,0,0,0,0,0,0,0,0
104,非洲,利比亞,1,0,0,0,0,0,0,0,0
104,非洲,馬達加斯加,0,0,0,0,1,0,0,0,0
104,非洲,盧安達,1,0,0,0,0,0,0,0,0
104,非洲,塞內加爾,1,0,0,0,0,0,0,0,0
104,非洲,索馬利亞民主共和國,0,0,0,0,0,1,0,0,0
104,歐洲,法國,108,3,0,545,148,829,0,0,0
104,歐洲,德國,86,3,0,424,169,437,0,0,0
104,歐洲,英國,55,4,0,19,61,313,0,0,0
104,歐洲,荷蘭,18,1,0,165,71,143,0,0,0
104,歐洲,西班牙,37,2,0,103,22,196,0,0,0
104,歐洲,義大利,24,1,0,87,14,154,0,0,0
104,歐洲,捷克,33,0,0,88,24,92,0,0,0
104,歐洲,瑞典,12,2,0,116,8,98,0,0,0
104,歐洲,波蘭,43,0,0,34,38,75,0,0,0
104,歐洲,奧地利,33,0,0,45,11,89,0,0,0
104,歐洲,瑞士,13,1,0,24,11,111,0,0,0
104,歐洲,比利時,6,1,0,60,7,77,0,0,0
104,歐洲,羅馬尼亞,4,0,0,1,2,92,0,0,0
104,歐洲,芬蘭,8,0,0,43,0,36,0,0,0
104,歐洲,烏克蘭,38,0,0,1,2,37,0,0,0
104,歐洲,匈牙利,27,1,0,1,5,39,0,0,0
104,歐洲,丹麥,7,0,0,25,14,21,0,0,0
104,歐洲,挪威,3,0,0,18,10,23,0,0,0
104,歐洲,斯洛伐克,15,0,0,7,6,24,0,0,0
104,歐洲,愛爾蘭,5,0,0,3,2,41,0,0,0
104,歐洲,葡萄牙,6,0,0,9,3,21,0,0,0
104,歐洲,立陶宛,5,0,0,14,1,15,0,0,0
104,歐洲,克羅埃西亞,8,0,0,1,0,9,0,0,0
104,歐洲,保加利亞,4,0,0,2,1,10,0,0,0
104,歐洲,斯洛維尼亞,4,0,0,3,3,6,0,0,0
104,歐洲,白俄羅斯,10,0,0,1,0,4,0,0,0
104,歐洲,希臘,3,0,0,2,3,5,0,0,0
104,歐洲,拉脫維亞,4,0,0,2,0,7,0,0,0
104,歐洲,愛沙尼亞,4,0,0,1,0,4,0,0,0
104,歐洲,盧森堡,1,0,0,1,0,4,0,0,0
104,歐洲,塞爾維亞共和國,1,0,0,0,0,5,0,0,0
104,歐洲,波士尼亞與赫塞哥維納,3,0,0,0,0,0,0,0,0
104,歐洲,冰島,0,0,0,0,0,2,0,0,0
104,歐洲,馬爾他,0,0,0,0,0,2,0,0,0
104,歐洲,摩納哥,0,0,0,0,1,1,0,0,0
104,歐洲,馬其頓,2,0,0,0,0,0,0,0,0
104,歐洲,科索沃共和國,1,0,0,0,0,0,0,0,0
104,美洲,美國,433,256,0,142,707,2462,0,3,0
104,美洲,加拿大,82,186,0,68,147,358,0,0,0
104,美洲,宏都拉斯,159,2,0,1,0,93,0,0,0
104,美洲,巴西,17,40,0,6,9,149,0,0,0
104,美洲,墨西哥,42,11,0,14,5,143,0,0,0
104,美洲,巴拿馬,94,4,0,0,0,90,0,0,0
104,美洲,貝里斯,105,25,0,0,0,52,0,2,0
104,美洲,巴拉圭,73,38,0,0,0,63,0,0,0
104,美洲,尼加拉瓜,96,12,0,0,0,62,0,0,0
104,美洲,薩爾瓦多,95,6,0,0,0,57,0,0,0
104,美洲,瓜地馬拉,70,8,0,0,1,69,0,0,0
104,美洲,聖露西亞,62,0,0,0,0,57,0,0,0
104,美洲,海地,69,0,0,0,0,41,0,0,0
104,美洲,多明尼加,30,22,0,0,0,57,0,0,0
104,美洲,聖文森,44,0,0,0,0,53,0,0,0
104,美洲,阿根廷,7,23,0,0,1,52,0,0,0
104,美洲,厄瓜多,31,16,0,0,0,29,0,0,0
104,美洲,秘魯,24,6,0,0,1,40,0,0,0
104,美洲,哥倫比亞,26,0,0,2,2,36,0,0,0
104,美洲,聖克里斯多福,38,0,0,0,0,22,0,0,0
104,美洲,智利,9,7,0,0,1,19,0,0,0
104,美洲,哥斯大黎加,3,10,0,0,0,9,0,0,0
104,美洲,委內瑞拉,4,4,0,1,0,10,0,0,0
104,美洲,玻利維亞,4,2,0,0,0,6,0,0,0
104,美洲,烏拉圭,1,0,0,0,0,2,0,0,0
104,美洲,巴貝多,2,0,0,0,0,0,0,0,0
104,美洲,千里達,0,0,0,0,1,1,0,0,0
104,美洲,多米尼克,0,1,0,0,0,1,0,0,0
104,美洲,古巴,0,0,0,0,0,1,0,0,0
104,美洲,牙買加,0,0,0,0,0,1,0,0,0
105,亞洲,中國大陸,0,0,9327,0,0,6,32648,0,0
105,亞洲,馬來西亞,5044,7645,0,53,946,261,0,2215,147
105,亞洲,香港,0,8190,0,149,242,79,0,0,0
105,亞洲,日本,931,177,0,561,1486,4387,0,0,0
105,亞洲,澳門,0,5259,0,19,5,3,0,0,0
105,亞洲,印尼,1923,1208,0,113,197,1626,0,87,0
105,亞洲,越南,2807,358,0,34,277,1512,0,0,354
105,亞洲,南韓,668,188,0,708,441,2568,0,2,0
105,亞洲,泰國,544,240,0,146,246,595,0,0,0
105,亞洲,印度,933,0,0,27,87,246,0,0,0
105,亞洲,蒙古,670,0,0,3,8,152,0,0,0
105,亞洲,新加坡,107,89,0,127,396,78,0,0,0
105,亞洲,緬甸,73,494,0,0,73,48,0,25,0
105,亞洲,菲律賓,180,32,0,25,155,305,0,0,0
105,亞洲,俄羅斯,133,1,0,29,19,191,0,0,0
105,亞洲,土耳其,65,0,0,13,4,110,0,0,0
105,亞洲,伊朗,46,0,0,0,1,15,0,0,0
105,亞洲,約旦,29,5,0,0,1,27,0,0,0
105,亞洲,以色列,9,0,0,6,3,38,0,0,0
105,亞洲,尼泊爾,32,0,0,0,2,12,0,0,0
105,亞洲,巴基斯坦,34,0,0,0,6,4,0,0,0
105,亞洲,汶萊,6,16,0,3,4,0,0,5,0
105,亞洲,孟加拉,17,0,0,0,1,1,0,0,0
105,亞洲,伊拉克,13,0,0,0,0,6,0,0,0
105,亞洲,斯里蘭卡,13,1,0,0,1,4,0,0,0
105,亞洲,哈薩克,9,0,0,0,1,8,0,0,0
105,亞洲,吉爾吉斯,5,0,0,0,0,7,0,0,0
105,亞洲,烏茲別克,6,0,0,0,1,5,0,0,0
105,亞洲,柬埔寨,8,0,0,0,2,1,0,0,0
105,亞洲,不丹,1,0,0,0,0,8,0,0,0
105,亞洲,寮國,2,3,0,1,2,1,0,0,0
105,亞洲,葉門,2,2,0,0,0,3,0,0,0
105,亞洲,塔吉克,6,0,0,0,0,1,0,0,0
105,亞洲,巴勒斯坦,2,0,0,0,1,2,0,0,0
105,亞洲,亞美尼亞,0,0,0,1,1,2,0,0,0
105,亞洲,黎巴嫩,1,1,0,0,0,1,0,0,0
105,亞洲,沙烏地阿拉伯,0,1,0,0,0,2,0,0,0
105,亞洲,敘利亞,3,0,0,0,0,0,0,0,0
105,亞洲,土庫曼,3,0,0,0,0,0,0,0,0
105,亞洲,阿拉伯聯合大公國,0,2,0,0,0,0,0,0,0
105,亞洲,亞塞拜然,1,0,0,0,0,1,0,0,0
105,亞洲,巴林,0,1,0,0,0,0,0,0,0
105,亞洲,科威特,0,1,0,0,0,0,0,0,0
105,亞洲,摩爾多瓦,1,0,0,0,0,0,0,0,0
105,大洋洲,澳大利亞,30,12,0,32,158,223,0,0,0
105,大洋洲,索羅門群島,77,0,0,0,0,31,0,0,0
105,大洋洲,紐西蘭,6,24,0,6,2,57,0,0,0
105,大洋洲,吉里巴斯,45,0,0,0,0,27,0,0,0
105,大洋洲,帛琉,28,0,0,0,0,20,0,0,0
105,大洋洲,吐瓦魯,30,0,0,0,0,13,0,0,0
105,大洋洲,馬紹爾群島共和國,21,0,0,0,0,15,0,0,0
105,大洋洲,諾魯,12,1,0,0,0,12,0,0,0
105,大洋洲,巴布亞紐幾內亞,16,2,0,0,0,3,0,0,0
105,大洋洲,斐濟,0,3,0,0,2,0,0,0,0
105,非洲,史瓦濟蘭,210,2,0,0,0,76,0,0,0
105,非洲,甘比亞,139,0,0,0,0,20,0,0,0
105,非洲,布吉納法索,87,0,0,0,0,67,0,0,0
105,非洲,南非,36,61,0,0,1,48,0,0,0
105,非洲,衣索比亞,110,0,0,0,0,0,0,0,0
105,非洲,聖多美普林西比,44,0,0,0,0,24,0,0,0
105,非洲,馬拉威,42,2,0,0,0,4,0,0,0
105,非洲,埃及,16,1,0,0,2,16,0,0,0
105,非洲,奈及利亞,24,1,0,0,2,6,0,0,0
105,非洲,肯亞,16,0,0,1,0,4,0,0,0
105,非洲,摩洛哥,2,0,0,3,3,8,0,0,0
105,非洲,辛巴威,6,0,0,0,0,4,0,0,0
105,非洲,突尼西亞,1,0,0,2,2,3,0,0,0
105,非洲,烏干達,3,0,0,0,0,5,0,0,0
105,非洲,尚比亞,3,0,0,0,0,5,0,0,0
105,非洲,阿爾及利亞,1,0,0,1,1,3,0,0,0
105,非洲,象牙海岸,1,2,0,1,0,2,0,0,0
105,非洲,坦尚尼亞,6,0,0,0,0,0,0,0,0
105,非洲,查德,0,0,0,0,0,5,0,0,0
105,非洲,貝南,1,0,0,0,0,3,0,0,0
105,非洲,喀麥隆,4,0,0,0,0,0,0,0,0
105,非洲,剛果,3,0,0,0,0,1,0,0,0
105,非洲,模里西斯,1,1,0,0,1,1,0,0,0
105,非洲,塞內加爾,1,0,0,0,0,3,0,0,0
105,非洲,莫三比克,2,0,0,0,0,1,0,0,0
105,非洲,蘇丹,2,0,0,0,0,1,0,0,0
105,非洲,多哥,0,0,0,0,0,3,0,0,0
105,非洲,剛果民主共和國,1,0,0,0,0,2,0,0,0
105,非洲,索馬利蘭共和國,1,0,0,0,0,2,0,0,0
105,非洲,加彭,0,0,0,0,2,0,0,0,0
105,非洲,利比亞,1,0,0,0,0,1,0,0,0
105,非洲,盧安達,1,0,0,0,1,0,0,0,0
105,非洲,獅子山共和國,1,0,0,0,0,1,0,0,0
105,非洲,納米比亞,1,0,0,0,0,1,0,0,0
105,非洲,波札那,1,0,0,0,0,0,0,0,0
105,非洲,幾內亞,0,0,0,0,0,1,0,0,0
105,非洲,賴比瑞亞,1,0,0,0,0,0,0,0,0
105,非洲,馬達加斯加,0,0,0,0,0,1,0,0,0
105,非洲,茅利塔尼亞,0,0,0,0,0,1,0,0,0
105,非洲,尼日,0,0,0,0,0,1,0,0,0
105,歐洲,法國,128,3,0,568,169,813,0,0,0
105,歐洲,德國,108,0,0,431,136,473,0,0,0
105,歐洲,英國,72,3,0,39,40,288,0,0,0
105,歐洲,荷蘭,25,0,0,178,31,156,0,0,0
105,歐洲,西班牙,39,1,0,107,33,190,0,0,0
105,歐洲,義大利,29,1,0,99,22,178,0,0,0
105,歐洲,捷克,32,0,0,91,46,106,0,0,0
105,歐洲,波蘭,52,0,0,52,21,99,0,0,0
105,歐洲,瑞典,12,2,0,107,9,79,0,0,0
105,歐洲,奧地利,34,0,0,54,46,71,0,0,0
105,歐洲,比利時,12,0,0,64,8,78,0,0,0
105,歐洲,瑞士,8,1,0,36,6,72,0,0,0
105,歐洲,芬蘭,9,0,0,54,1,44,0,0,0
105,歐洲,匈牙利,30,2,0,2,6,47,0,0,0
105,歐洲,丹麥,6,0,0,26,4,35,0,0,0
105,歐洲,烏克蘭,32,0,0,1,3,35,0,0,0
105,歐洲,斯洛伐克,16,0,0,13,10,24,0,0,0
105,歐洲,葡萄牙,15,0,0,17,3,24,0,0,0
105,歐洲,愛爾蘭,6,0,0,8,2,28,0,0,0
105,歐洲,挪威,1,0,0,15,4,23,0,0,0
105,歐洲,立陶宛,2,0,0,10,2,13,0,0,0
105,歐洲,羅馬尼亞,6,0,0,3,0,14,0,0,0
105,歐洲,白俄羅斯,14,0,0,0,0,7,0,0,0
105,歐洲,斯洛維尼亞,2,0,0,2,3,13,0,0,0
105,歐洲,克羅埃西亞,6,0,0,2,1,6,0,0,0
105,歐洲,愛沙尼亞,2,0,0,4,0,9,0,0,0
105,歐洲,拉脫維亞,6,0,0,1,0,7,0,0,0
105,歐洲,希臘,1,0,0,0,3,8,0,0,0
105,歐洲,保加利亞,4,0,0,0,1,5,0,0,0
105,歐洲,塞爾維亞共和國,5,0,0,0,0,3,0,0,0
105,歐洲,盧森堡,1,0,0,2,0,4,0,0,0
105,歐洲,波士尼亞與赫塞哥維納,2,0,0,1,0,1,0,0,0
105,歐洲,馬其頓,2,0,0,0,1,0,0,0,0
105,歐洲,阿爾巴尼亞,0,0,0,0,0,2,0,0,0
105,歐洲,馬爾他,1,0,0,0,0,1,0,0,0
105,歐洲,摩納哥,0,0,0,0,1,1,0,0,0
105,歐洲,冰島,0,0,0,0,0,1,0,0,0
105,歐洲,科索沃共和國,1,0,0,0,0,0,0,0,0
105,美洲,美國,434,222,0,145,403,2495,0,2,0
105,美洲,加拿大,78,174,0,58,52,262,0,0,0
105,美洲,宏都拉斯,169,0,0,1,0,110,0,0,0
105,美洲,巴西,33,31,0,4,4,196,0,0,0
105,美洲,墨西哥,47,8,0,34,6,142,0,0,0
105,美洲,巴拉圭,74,36,0,0,0,82,0,0,0
105,美洲,巴拿馬,102,2,0,0,0,87,0,0,0
105,美洲,貝里斯,111,23,0,0,0,48,0,2,0
105,美洲,薩爾瓦多,90,2,0,0,0,72,0,0,0
105,美洲,尼加拉瓜,94,9,0,0,0,55,0,0,0
105,美洲,海地,98,0,0,0,0,54,0,0,0
105,美洲,瓜地馬拉,64,3,0,0,1,56,0,0,0
105,美洲,聖露西亞,69,0,0,0,0,40,0,0,0
105,美洲,聖文森,48,0,0,0,0,40,0,0,0
105,美洲,厄瓜多,38,18,0,3,0,25,0,0,0
105,美洲,多明尼加,33,15,0,0,0,31,0,0,0
105,美洲,聖克里斯多福,49,0,0,0,0,28,0,0,0
105,美洲,秘魯,22,2,0,1,1,38,0,0,0
105,美洲,阿根廷,6,18,0,0,2,32,0,0,0
105,美洲,哥倫比亞,24,0,0,1,1,27,0,0,0
105,美洲,智利,8,3,0,1,1,20,0,0,0
105,美洲,哥斯大黎加,3,7,0,1,0,12,0,0,0
105,美洲,委內瑞拉,1,7,0,0,0,11,0,0,0
105,美洲,玻利維亞,3,6,0,0,0,3,0,0,0
105,美洲,烏拉圭,3,0,0,0,0,4,0,0,0
105,美洲,牙買加,1,0,0,0,0,3,0,0,0
105,美洲,千里達,0,0,0,0,1,2,0,0,0
105,美洲,巴哈馬,0,0,0,0,0,2,0,0,0
105,美洲,巴貝多,2,0,0,0,0,0,0,0,0
105,美洲,蓋亞那,2,0,0,0,0,0,0,0,0
105,美洲,古巴,0,0,0,0,0,1,0,0,0
105,美洲,多米尼克,0,1,0,0,0,0,0,0,0
105,美洲,蘇利南,0,0,0,1,0,0,0,0,0
106,亞洲,大陸地區,0,0,9462,0,0,18,25824,0,0
106,亞洲,馬來西亞,5449,7984,0,84,1255,338,0,2309,202
106,亞洲,香港,0,8329,0,120,138,41,0,0,0
106,亞洲,日本,1183,157,0,593,1480,5000,0,0,0
106,亞洲,越南,3884,581,0,126,878,2541,0,22,525
106,亞洲,印尼,2662,1401,0,203,902,1959,0,121,0
106,亞洲,澳門,0,5116,0,17,3,1,0,0,0
106,亞洲,南韓,747,170,0,635,354,2658,0,1,0
106,亞洲,泰國,635,212,0,233,870,884,0,2,13
106,亞洲,印度,1034,0,0,42,612,384,0,0,0
106,亞洲,蒙古,945,0,0,13,5,439,0,0,0
106,亞洲,菲律賓,236,36,0,34,466,404,0,0,19
106,亞洲,緬甸,73,524,0,2,159,15,0,53,6
106,亞洲,新加坡,102,91,0,164,197,54,0,0,10
106,亞洲,俄羅斯,134,1,0,39,11,247,0,0,0
106,亞洲,土耳其,65,0,0,16,2,106,0,0,0
106,亞洲,柬埔寨,13,0,0,0,103,9,0,0,0
106,亞洲,尼泊爾,70,0,0,2,5,17,0,0,0
106,亞洲,巴基斯坦,66,0,0,0,5,21,0,0,0
106,亞洲,斯里蘭卡,83,2,0,0,2,1,0,0,0
106,亞洲,伊朗,46,0,0,0,5,23,0,0,0
106,亞洲,以色列,10,0,0,9,6,41,0,0,0
106,亞洲,約旦,31,4,0,0,1,21,0,0,0
106,亞洲,寮國,21,2,0,0,0,18,0,0,0
106,亞洲,汶萊,5,12,0,0,14,0,0,8,0
106,亞洲,孟加拉,22,0,0,0,2,1,0,0,0
106,亞洲,吉爾吉斯,15,0,0,0,0,6,0,0,0
106,亞洲,伊拉克,9,0,0,0,2,5,0,0,0
106,亞洲,哈薩克,8,0,0,0,1,6,0,0,0
106,亞洲,不丹,1,0,0,0,0,13,0,0,0
106,亞洲,烏茲別克,6,0,0,0,0,7,0,0,0
106,亞洲,葉門,4,3,0,0,0,3,0,0,0
106,亞洲,巴勒斯坦,4,0,0,0,0,5,0,0,0
106,亞洲,沙烏地阿拉伯,0,1,0,1,2,3,0,0,0
106,亞洲,土庫曼,5,0,0,0,0,1,0,0,0
106,亞洲,塔吉克,5,0,0,0,0,0,0,0,0
106,亞洲,阿拉伯聯合大公國,0,2,0,0,0,2,0,0,0
106,亞洲,亞美尼亞,1,0,0,0,1,2,0,0,0
106,亞洲,賽普勒斯,0,0,0,0,0,3,0,0,0
106,亞洲,科威特,0,1,0,0,1,0,0,0,0
106,亞洲,敘利亞,2,0,0,0,0,0,0,0,0
106,亞洲,馬爾地夫,0,0,0,0,1,0,0,0,0
106,亞洲,亞塞拜然,1,0,0,0,0,0,0,0,0
106,亞洲,摩爾多瓦,1,0,0,0,0,0,0,0,0
106,大洋洲,澳大利亞,31,10,0,27,101,294,0,0,0
106,大洋洲,紐西蘭,7,19,0,4,10,141,0,0,0
106,大洋洲,索羅門群島,79,0,0,0,0,37,0,0,0
106,大洋洲,吉里巴斯,51,0,0,0,0,33,0,0,0
106,大洋洲,帛琉,35,0,0,0,0,24,0,0,0
106,大洋洲,馬紹爾群島共和國,26,0,0,0,0,31,0,0,0
106,大洋洲,吐瓦魯,29,0,0,0,0,14,0,0,0
106,大洋洲,諾魯,17,1,0,0,0,15,0,0,0
106,大洋洲,巴布亞紐幾內亞,24,0,0,0,0,8,0,0,0
106,大洋洲,斐濟,0,3,0,0,0,2,0,0,0
106,非洲,史瓦濟蘭,206,3,0,0,0,107,0,0,0
106,非洲,布吉納法索,88,0,0,0,0,81,0,0,0
106,非洲,衣索比亞,158,0,0,0,2,1,0,0,0
106,非洲,南非,38,54,0,0,5,56,0,0,0
106,非洲,甘比亞,126,0,0,0,1,13,0,0,0
106,非洲,馬拉威,45,2,0,0,0,2,0,0,0
106,非洲,埃及,17,0,0,0,0,16,0,0,0
106,非洲,奈及利亞,22,1,0,0,2,4,0,0,0
106,非洲,肯亞,17,0,0,0,0,6,0,0,0
106,非洲,摩洛哥,3,0,0,8,5,6,0,0,0
106,非洲,坦尚尼亞,13,0,0,0,0,1,0,0,0
106,非洲,聖多美普林西比,13,0,0,0,0,0,0,0,0
106,非洲,蒲隆地,11,0,0,0,0,0,0,0,0
106,非洲,烏干達,6,0,0,0,0,4,0,0,0
106,非洲,辛巴威,4,0,0,0,0,5,0,0,0
106,非洲,剛果,3,0,0,1,0,4,0,0,0
106,非洲,突尼西亞,1,0,0,1,2,4,0,0,0
106,非洲,模里西斯,2,0,0,1,1,3,0,0,0
106,非洲,波札那,2,0,0,0,0,4,0,0,0
106,非洲,喀麥隆,4,0,0,1,0,1,0,0,0
106,非洲,查德,0,0,0,0,0,5,0,0,0
106,非洲,莫三比克,4,0,0,0,0,1,0,0,0
106,非洲,貝南,1,0,0,1,0,2,0,0,0
106,非洲,剛果民主共和國,2,0,0,1,0,1,0,0,0
106,非洲,阿爾及利亞,1,0,0,0,2,0,0,0,0
106,非洲,迦納,1,0,0,1,0,1,0,0,0
106,非洲,象牙海岸,1,2,0,0,0,0,0,0,0
106,非洲,賴比瑞亞,1,0,0,0,1,1,0,0,0
106,非洲,馬達加斯加,0,0,0,1,0,2,0,0,0
106,非洲,盧安達,2,0,0,0,1,0,0,0,0
106,非洲,塞內加爾,1,0,0,2,0,0,0,0,0
106,非洲,尚比亞,3,0,0,0,0,0,0,0,0
106,非洲,南蘇丹共和國,1,0,0,0,0,2,0,0,0
106,非洲,索馬利蘭共和國,1,0,0,0,0,2,0,0,0
106,非洲,加彭,0,0,0,0,1,1,0,0,0
106,非洲,索馬利亞民主共和國,1,0,0,0,1,0,0,0,0
106,非洲,蘇丹,1,0,0,0,0,1,0,0,0
106,非洲,幾內亞,0,0,0,0,0,1,0,0,0
106,非洲,幾內亞比索,1,0,0,0,0,0,0,0,0
106,非洲,賴索托,0,0,0,0,1,0,0,0,0
106,非洲,馬利,0,0,0,0,0,1,0,0,0
106,非洲,尼日,0,0,0,0,1,0,0,0,0
106,非洲,獅子山共和國,1,0,0,0,0,0,0,0,0
106,非洲,納米比亞,1,0,0,0,0,0,0,0,0
106,歐洲,法國,107,4,0,718,191,839,0,0,0
106,歐洲,德國,130,0,0,551,131,471,0,0,0
106,歐洲,英國,67,2,0,26,30,315,0,0,0
106,歐洲,荷蘭,25,1,0,174,29,127,0,0,0
106,歐洲,西班牙,38,1,0,91,27,179,0,1,0
106,歐洲,捷克,29,0,0,111,44,128,0,0,0
106,歐洲,義大利,29,3,0,89,25,161,0,0,0
106,歐洲,波蘭,48,0,0,43,20,175,0,0,0
106,歐洲,瑞典,13,1,0,121,39,110,0,0,0
106,歐洲,比利時,14,0,0,79,21,91,0,0,0
106,歐洲,奧地利,29,0,0,61,21,90,0,0,0
106,歐洲,芬蘭,9,0,0,65,4,47,0,0,0
106,歐洲,瑞士,9,2,0,25,8,70,0,0,0
106,歐洲,丹麥,4,0,0,31,10,35,0,0,0
106,歐洲,烏克蘭,33,0,0,4,0,36,0,0,0
106,歐洲,斯洛伐克,17,0,0,12,8,34,0,0,0
106,歐洲,匈牙利,32,2,0,0,3,33,0,0,0
106,歐洲,葡萄牙,22,1,0,11,5,22,0,0,0
106,歐洲,愛爾蘭,7,0,0,4,1,32,0,0,0
106,歐洲,挪威,2,0,0,17,4,18,0,0,0
106,歐洲,斯洛維尼亞,3,0,0,2,10,15,0,0,0
106,歐洲,立陶宛,2,0,0,5,2,14,0,0,0
106,歐洲,羅馬尼亞,4,0,0,1,0,14,0,0,0
106,歐洲,希臘,2,0,0,1,5,9,0,0,0
106,歐洲,白俄羅斯,14,0,0,0,0,3,0,0,0
106,歐洲,克羅埃西亞,7,0,0,2,0,5,0,0,0
106,歐洲,盧森堡,1,0,0,3,2,5,0,0,0
106,歐洲,保加利亞,3,0,0,1,1,3,0,0,0
106,歐洲,冰島,1,0,0,3,0,4,0,0,0
106,歐洲,愛沙尼亞,0,0,0,2,0,6,0,0,0
106,歐洲,拉脫維亞,4,0,0,0,0,2,0,0,0
106,歐洲,塞爾維亞共和國,5,0,0,0,0,1,0,0,0
106,歐洲,科索沃共和國,2,0,0,0,0,2,0,0,0
106,歐洲,阿爾巴尼亞,1,0,0,0,0,1,0,0,0
106,歐洲,波士尼亞與赫塞哥維納,2,0,0,0,0,0,0,0,0
106,歐洲,安道爾,0,0,0,1,0,0,0,0,0
106,歐洲,馬爾他,1,0,0,0,0,0,0,0,0
106,歐洲,馬其頓,1,0,0,0,0,0,0,0,0
106,美洲,美國,430,216,0,131,471,2618,0,2,0
106,美洲,加拿大,74,146,0,48,44,279,0,0,0
106,美洲,宏都拉斯,181,0,0,0,0,155,0,0,0
106,美洲,巴西,48,29,0,11,2,147,0,0,0
106,美洲,貝里斯,122,18,0,0,0,88,0,1,0
106,美洲,墨西哥,48,10,0,23,12,123,0,0,0
106,美洲,薩爾瓦多,100,3,0,0,0,92,0,0,0
106,美洲,巴拉圭,76,33,0,0,0,80,0,0,0
106,美洲,海地,118,0,0,0,0,45,0,0,0
106,美洲,巴拿馬,92,1,0,0,0,70,0,0,0
106,美洲,尼加拉瓜,80,9,0,0,0,63,0,0,0
106,美洲,瓜地馬拉,63,4,0,0,6,73,0,0,0
106,美洲,聖露西亞,72,0,0,0,0,46,0,0,0
106,美洲,聖文森,57,0,0,0,1,59,0,0,0
106,美洲,多明尼加,37,15,0,0,0,39,0,0,0
106,美洲,聖克里斯多福,52,0,0,0,0,32,0,0,0
106,美洲,哥倫比亞,29,0,0,4,1,44,0,0,0
106,美洲,厄瓜多,35,16,0,1,1,21,0,0,0
106,美洲,秘魯,23,2,0,0,1,39,0,0,0
106,美洲,阿根廷,7,18,0,1,0,37,0,0,0
106,美洲,智利,5,8,0,1,3,26,0,0,0
106,美洲,哥斯大黎加,4,9,0,0,1,6,0,0,0
106,美洲,委內瑞拉,3,6,0,0,1,10,0,0,0
106,美洲,玻利維亞,4,5,0,0,0,7,0,0,0
106,美洲,巴哈馬,0,0,0,0,0,4,0,0,0
106,美洲,烏拉圭,3,0,0,0,0,1,0,0,0
106,美洲,牙買加,1,0,0,0,0,1,0,0,0
106,美洲,千里達,0,0,0,0,1,1,0,0,0
106,美洲,蓋亞那,2,0,0,0,0,0,0,0,0
106,美洲,巴貝多,1,0,0,0,0,0,0,0,0
106,美洲,古巴,0,0,0,0,0,1,0,0,0
106,美洲,多米尼克,0,1,0,0,0,0,0,0,0
107,亞洲,大陸地區,0,0,9006,0,0,357,20597,0,0
107,亞洲,馬來西亞,5197,7894,0,87,1175,217,0,2070,199
107,亞洲,越南,7058,796,0,162,1183,4072,0,53,672
107,亞洲,印尼,5686,1661,0,207,926,3238,0,122,1
107,亞洲,日本,1432,151,0,635,1977,5540,0,0,0
107,亞洲,香港,0,7695,0,110,362,265,0,0,0
107,亞洲,澳門,0,4684,0,9,8,17,0,0,0
107,亞洲,南韓,768,176,0,543,418,2396,0,0,0
107,亞洲,泰國,769,186,0,251,1179,1168,0,10,12
107,亞洲,印度,1202,0,0,172,712,542,0,0,0
107,亞洲,菲律賓,451,44,0,38,473,697,0,0,19
107,亞洲,蒙古,1155,0,0,20,13,470,0,0,0
107,亞洲,緬甸,194,586,0,1,204,223,0,97,9
107,亞洲,新加坡,103,88,0,128,290,68,0,0,10
107,亞洲,俄羅斯,141,0,0,46,18,212,0,0,0
107,亞洲,柬埔寨,67,0,0,3,195,26,0,0,0
107,亞洲,土耳其,70,0,0,24,8,104,0,0,0
107,亞洲,巴基斯坦,101,1,0,1,12,31,0,0,0
107,亞洲,尼泊爾,82,0,0,0,20,32,0,0,0
107,亞洲,斯里蘭卡,61,1,0,0,26,8,0,0,0
107,亞洲,伊朗,46,2,0,2,10,23,0,0,0
107,亞洲,汶萊,6,9,0,0,29,19,0,15,0
107,亞洲,以色列,7,0,0,8,10,34,0,0,0
107,亞洲,約旦,30,3,0,0,0,16,0,0,0
107,亞洲,吉爾吉斯,32,0,0,0,1,10,0,0,0
107,亞洲,孟加拉,31,0,0,0,7,3,0,0,0
107,亞洲,寮國,28,2,0,0,0,2,0,0,0
107,亞洲,哈薩克,7,0,0,2,1,8,0,0,0
107,亞洲,伊拉克,11,0,0,0,2,3,0,0,0
107,亞洲,不丹,1,0,0,0,0,12,0,0,0
107,亞洲,葉門,8,2,0,0,0,3,0,0,0
107,亞洲,烏茲別克,7,0,0,0,0,5,0,0,0
107,亞洲,沙烏地阿拉伯,0,2,0,0,0,9,0,0,0
107,亞洲,土庫曼,7,0,0,0,0,4,0,0,0
107,亞洲,巴勒斯坦,5,0,0,0,0,4,0,0,0
107,亞洲,塔吉克,7,0,0,0,0,1,0,0,0
107,亞洲,阿拉伯聯合大公國,0,2,0,0,0,1,0,0,0
107,亞洲,摩爾多瓦,1,0,0,0,0,2,0,0,0
107,亞洲,科威特,1,1,0,0,0,0,0,0,0
107,亞洲,巴林,0,1,0,0,0,0,0,0,0
107,亞洲,敘利亞,1,0,0,0,0,0,0,0,0
107,亞洲,亞美尼亞,0,0,0,0,0,1,0,0,0
107,大洋洲,澳大利亞,26,10,0,41,92,321,0,0,1
107,大洋洲,索羅門群島,78,0,0,0,0,47,0,0,0
107,大洋洲,吉里巴斯,59,0,0,0,0,51,0,0,0
107,大洋洲,紐西蘭,4,15,0,4,13,62,0,0,0
107,大洋洲,帛琉,37,1,0,0,0,31,0,0,0
107,大洋洲,馬紹爾群島共和國,26,2,0,0,0,32,0,0,0
107,大洋洲,吐瓦魯,22,0,0,0,0,19,0,0,0
107,大洋洲,諾魯,16,1,0,0,0,21,0,0,0
107,大洋洲,巴布亞紐幾內亞,26,0,0,0,0,9,0,0,0
107,大洋洲,斐濟,2,1,0,0,0,12,0,0,0
107,大洋洲,東加,0,0,0,0,0,1,0,0,0
107,非洲,史瓦帝尼王國,317,3,0,0,0,164,0,0,0
107,非洲,衣索比亞,178,0,0,0,4,0,0,0,0
107,非洲,南非,46,49,0,0,11,49,0,0,0
107,非洲,布吉納法索,63,0,0,0,1,50,0,0,0
107,非洲,甘比亞,89,0,0,0,0,3,0,0,0
107,非洲,埃及,29,1,0,1,0,28,0,0,0
107,非洲,馬拉威,53,3,0,0,0,1,0,0,0
107,非洲,奈及利亞,27,1,0,1,3,11,0,0,0
107,非洲,摩洛哥,6,0,0,9,4,22,0,0,0
107,非洲,坦尚尼亞,21,0,0,0,0,16,0,0,0
107,非洲,蒲隆地,15,0,0,0,0,12,0,0,0
107,非洲,肯亞,16,0,0,0,0,5,0,0,0
107,非洲,辛巴威,7,0,0,1,0,4,0,0,0
107,非洲,烏干達,6,0,0,0,0,3,0,0,0
107,非洲,突尼西亞,2,0,0,2,0,4,0,0,0
107,非洲,喀麥隆,2,0,0,4,1,0,0,0,0
107,非洲,波札那,1,0,0,0,0,5,0,0,0
107,非洲,剛果,1,0,0,0,0,5,0,0,0
107,非洲,莫三比克,5,0,0,0,0,0,0,0,0
107,非洲,尚比亞,3,0,0,0,0,2,0,0,0
107,非洲,阿爾及利亞,1,0,0,0,2,1,0,0,0
107,非洲,象牙海岸,1,1,0,2,0,0,0,0,0
107,非洲,聖多美普林西比,4,0,0,0,0,0,0,0,0
107,非洲,塞內加爾,2,0,0,0,0,2,0,0,0
107,非洲,剛果民主共和國,3,0,0,0,0,1,0,0,0
107,非洲,索馬利蘭共和國,2,0,0,0,0,2,0,0,0
107,非洲,查德,2,0,0,0,0,1,0,0,0
107,非洲,迦納,2,0,0,0,0,1,0,0,0
107,非洲,獅子山共和國,3,0,0,0,0,0,0,0,0
107,非洲,安哥拉,0,0,0,0,0,2,0,0,0
107,非洲,蘇丹,0,0,0,0,0,2,0,0,0
107,非洲,幾內亞,0,0,0,0,0,1,0,0,0
107,非洲,幾內亞比索,1,0,0,0,0,0,0,0,0
107,非洲,賴索托,1,0,0,0,0,0,0,0,0
107,非洲,賴比瑞亞,1,0,0,0,0,0,0,0,0
107,非洲,馬達加斯加,0,0,0,0,0,1,0,0,0
107,非洲,馬利,0,0,0,0,0,1,0,0,0
107,非洲,茅利塔尼亞,0,0,0,1,0,0,0,0,0
107,非洲,模里西斯,0,0,0,0,0,1,0,0,0
107,非洲,尼日,0,0,0,0,1,0,0,0,0
107,非洲,盧安達,1,0,0,0,0,0,0,0,0
107,非洲,索馬利亞民主共和國,1,0,0,0,0,0,0,0,0
107,非洲,納米比亞,1,0,0,0,0,0,0,0,0
107,非洲,南蘇丹共和國,1,0,0,0,0,0,0,0,0
107,歐洲,法國,108,2,0,869,205,933,0,0,0
107,歐洲,德國,120,2,0,580,77,547,0,0,0
107,歐洲,英國,69,1,0,27,31,325,0,0,0
107,歐洲,義大利,35,4,0,134,19,208,0,0,0
107,歐洲,荷蘭,18,0,0,178,27,167,0,0,0
107,歐洲,西班牙,43,3,0,111,10,178,0,1,0
107,歐洲,捷克,27,0,0,103,56,104,0,0,0
107,歐洲,波蘭,44,0,0,40,18,179,0,0,0
107,歐洲,瑞典,8,1,0,98,23,90,0,0,0
107,歐洲,比利時,12,0,0,88,7,104,0,0,0
107,歐洲,奧地利,30,0,0,59,13,71,0,0,0
107,歐洲,瑞士,13,2,0,40,17,96,0,0,0
107,歐洲,芬蘭,7,0,0,61,9,55,0,0,0
107,歐洲,丹麥,4,0,0,27,8,30,0,0,0
107,歐洲,烏克蘭,23,0,0,3,1,41,0,0,0
107,歐洲,斯洛伐克,16,0,0,10,10,31,0,0,0
107,歐洲,匈牙利,18,2,0,7,6,32,0,0,0
107,歐洲,葡萄牙,25,0,0,8,4,23,0,0,0
107,歐洲,挪威,3,0,0,23,2,26,0,0,1
107,歐洲,愛爾蘭,5,0,0,6,2,33,0,0,0
107,歐洲,立陶宛,1,0,0,7,5,15,0,0,0
107,歐洲,羅馬尼亞,4,0,0,2,1,11,0,0,0
107,歐洲,克羅埃西亞,6,0,0,5,0,7,0,0,0
107,歐洲,白俄羅斯,12,0,0,0,0,6,0,0,0
107,歐洲,拉脫維亞,2,0,0,2,0,11,0,0,0
107,歐洲,斯洛維尼亞,2,0,0,3,2,8,0,0,0
107,歐洲,盧森堡,0,0,0,2,0,7,0,0,0
107,歐洲,希臘,1,0,0,0,2,5,0,0,0
107,歐洲,塞爾維亞共和國,5,0,0,1,0,2,0,0,0
107,歐洲,保加利亞,1,0,0,1,1,3,0,0,0
107,歐洲,科索沃共和國,2,0,0,2,0,2,0,0,0
107,歐洲,阿爾巴尼亞,2,0,0,1,0,2,0,0,0
107,歐洲,冰島,1,0,0,0,0,4,0,0,0
107,歐洲,愛沙尼亞,0,0,0,0,2,3,0,0,0
107,歐洲,馬爾他,0,0,0,0,2,1,0,0,0
107,歐洲,波士尼亞與赫塞哥維納,2,0,0,0,0,0,0,0,0
107,歐洲,列支敦斯登,0,0,0,1,0,0,0,0,0
107,歐洲,北馬其頓共和國,1,0,0,0,0,0,0,0,0
107,美洲,美國,432,187,0,135,509,2548,0,1,4
107,美洲,加拿大,67,125,0,48,77,289,0,0,2
107,美洲,宏都拉斯,162,0,0,0,21,108,0,0,0
107,美洲,貝里斯,134,15,0,0,3,85,0,0,0
107,美洲,墨西哥,44,9,0,27,10,130,0,0,0
107,美洲,海地,118,0,0,0,0,60,0,0,0
107,美洲,尼加拉瓜,94,4,0,0,18,61,0,0,0
107,美洲,瓜地馬拉,67,2,0,0,21,56,0,0,0
107,美洲,聖文森,72,0,0,0,1,50,0,0,0
107,美洲,聖露西亞,74,0,0,0,0,43,0,0,0
107,美洲,薩爾瓦多,68,4,0,0,0,36,0,0,0
107,美洲,巴拿馬,61,1,0,0,0,46,0,0,0
107,美洲,多明尼加,24,14,0,0,1,35,0,0,0
107,美洲,哥斯大黎加,3,9,0,0,1,4,0,0,0
107,美洲,波多黎各,0,0,0,2,0,3,0,0,0
107,美洲,巴哈馬,0,0,0,0,0,1,0,0,0
107,美洲,巴貝多,1,0,0,0,0,0,0,0,0
107,美洲,多米尼克,0,1,0,0,0,0,0,0,0
107,美洲,巴西,53,30,0,7,0,285,0,0,0
107,美洲,巴拉圭,88,30,0,0,15,118,0,0,0
107,美洲,聖克里斯多福,56,0,0,0,0,29,0,0,0
107,美洲,秘魯,30,1,0,0,0,53,0,0,0
107,美洲,厄瓜多,33,14,0,0,0,33,0,0,0
107,美洲,哥倫比亞,32,0,0,7,1,39,0,0,0
107,美洲,阿根廷,6,21,0,1,0,40,0,0,0
107,美洲,智利,7,9,0,0,1,22,0,0,0
107,美洲,玻利維亞,4,4,0,0,0,5,0,0,0
107,美洲,委內瑞拉,2,3,0,1,0,7,0,0,0
107,美洲,烏拉圭,3,0,0,0,0,3,0,0,0
107,美洲,蓋亞那,1,0,0,0,0,1,0,0,0
108,亞洲,大陸地區,0,0,8353,0,0,57,16696,0,0
108,亞洲,越南,9326,1097,0,168,350,5591,0,62,546
108,亞洲,馬來西亞,4691,7724,0,49,976,562,0,1502,115
108,亞洲,印尼,6460,2074,0,290,1216,4089,0,151,1
108,亞洲,日本,1751,162,0,756,1952,6442,0,1,0
108,亞洲,香港,0,6827,0,164,726,183,0,0,0
108,亞洲,澳門,0,3858,0,10,11,19,0,0,0
108,亞洲,南韓,696,153,0,376,385,2260,0,0,1
108,亞洲,泰國,900,183,0,182,239,1472,0,16,11
108,亞洲,印度,1361,1,0,135,339,537,0,0,0
108,亞洲,菲律賓,794,51,0,37,123,954,0,1,0
108,亞洲,蒙古,972,1,0,25,0,642,0,0,0
108,亞洲,緬甸,173,595,0,0,32,181,0,99,12
108,亞洲,新加坡,87,73,0,106,303,76,0,0,10
108,亞洲,俄羅斯,159,0,0,78,10,251,0,0,0
108,亞洲,土耳其,67,0,0,28,0,99,0,0,0
108,亞洲,巴基斯坦,139,0,0,0,2,48,0,0,0
108,亞洲,柬埔寨,61,1,0,4,1,95,0,0,0
108,亞洲,尼泊爾,87,0,0,0,4,19,0,0,0
108,亞洲,斯里蘭卡,60,1,0,1,6,13,0,0,0
108,亞洲,汶萊,4,6,0,0,1,35,0,27,0
108,亞洲,吉爾吉斯,46,0,0,0,0,23,0,0,0
108,亞洲,伊朗,38,4,0,0,2,21,0,0,0
108,亞洲,孟加拉,40,0,0,0,1,8,0,0,0
108,亞洲,以色列,7,0,0,10,7,24,0,0,0
108,亞洲,寮國,27,3,0,0,0,15,0,0,0
108,亞洲,約旦,21,2,0,0,0,17,0,1,1
108,亞洲,哈薩克,8,0,0,4,1,12,0,0,0
108,亞洲,葉門,9,2,0,5,0,5,0,0,0
108,亞洲,烏茲別克,7,0,0,0,0,11,0,0,0
108,亞洲,土庫曼,8,0,0,0,0,4,0,0,0
108,亞洲,伊拉克,10,0,0,0,0,1,0,0,0
108,亞洲,沙烏地阿拉伯,3,1,0,0,0,7,0,0,0
108,亞洲,不丹,0,0,0,0,0,9,0,0,0
108,亞洲,巴勒斯坦,1,0,0,0,0,4,0,0,0
108,亞洲,亞美尼亞,1,0,0,0,0,4,0,0,0
108,亞洲,塔吉克,5,0,0,0,0,0,0,0,0
108,亞洲,阿富汗,1,0,0,2,0,1,0,0,0
108,亞洲,科威特,1,1,0,1,0,1,0,0,0
108,亞洲,敘利亞,0,0,0,1,0,3,0,0,0
108,亞洲,巴林,0,1,0,0,0,1,0,0,0
108,亞洲,賽普勒斯,0,2,0,0,0,0,0,0,0
108,亞洲,黎巴嫩,1,0,0,0,0,1,0,0,0
108,亞洲,阿曼,0,0,0,0,0,2,0,0,0
108,亞洲,亞塞拜然,1,0,0,0,0,1,0,0,0
108,亞洲,摩爾多瓦,0,0,0,0,0,2,0,0,0
108,亞洲,北韓,0,0,0,0,0,2,0,0,0
108,亞洲,喬治亞,0,0,0,0,0,1,0,0,0
108,大洋洲,澳大利亞,29,9,0,48,397,326,0,0,0
108,大洋洲,紐西蘭,4,12,0,3,41,128,0,0,0
108,大洋洲,索羅門群島,84,0,0,0,0,62,0,0,0
108,大洋洲,吉里巴斯,72,0,0,0,0,52,0,0,0
108,大洋洲,帛琉,47,1,0,0,0,26,0,0,0
108,大洋洲,馬紹爾群島共和國,35,1,0,0,0,24,0,0,0
108,大洋洲,諾魯,21,1,0,0,0,23,0,0,0
108,大洋洲,吐瓦魯,25,0,0,0,0,19,0,0,0
108,大洋洲,巴布亞紐幾內亞,27,0,0,0,0,7,0,0,0
108,大洋洲,斐濟,3,1,0,0,0,20,0,0,0
108,大洋洲,薩摩亞,0,0,0,0,0,1,0,0,0
108,非洲,史瓦帝尼王國,319,1,0,0,0,144,0,0,0
108,非洲,衣索比亞,176,0,0,2,0,2,0,0,0
108,非洲,南非,47,41,0,0,0,62,0,0,0
108,非洲,甘比亞,74,0,0,0,0,5,0,0,0
108,非洲,馬拉威,63,3,0,0,0,5,0,0,0
108,非洲,埃及,35,0,0,1,0,25,0,0,0
108,非洲,奈及利亞,31,1,0,0,0,13,0,0,0
108,非洲,布吉納法索,39,0,0,0,0,4,0,0,0
108,非洲,模里西斯,0,0,0,0,0,42,0,0,0
108,非洲,坦尚尼亞,33,0,0,0,0,7,0,0,0
108,非洲,烏干達,27,0,0,0,0,0,0,0,0
108,非洲,肯亞,18,0,0,0,0,8,0,0,0
108,非洲,摩洛哥,4,0,0,5,1,15,0,0,0
108,非洲,蒲隆地,14,0,0,0,0,3,0,0,0
108,非洲,莫三比克,4,0,0,0,0,5,0,0,0
108,非洲,塞內加爾,3,0,0,1,0,4,0,0,0
108,非洲,突尼西亞,2,0,0,2,0,4,0,0,0
108,非洲,喀麥隆,2,0,0,2,0,3,0,0,0
108,非洲,辛巴威,5,0,0,1,0,1,0,0,0
108,非洲,剛果,4,0,0,0,0,2,0,0,0
108,非洲,迦納,5,0,0,0,0,1,0,0,0
108,非洲,索馬利蘭共和國,3,0,0,0,0,2,0,0,0
108,非洲,剛果民主共和國,3,0,0,0,0,1,0,0,0
108,非洲,貝南,0,0,0,2,0,1,0,0,0
108,非洲,幾內亞,1,0,0,1,0,1,0,0,0
108,非洲,利比亞,1,0,0,0,0,2,0,0,0
108,非洲,聖多美普林西比,2,0,0,0,0,1,0,0,0
108,非洲,獅子山共和國,2,1,0,0,0,0,0,0,0
108,非洲,尚比亞,3,0,0,0,0,0,0,0,0
108,非洲,納米比亞,2,0,0,0,0,1,0,0,0
108,非洲,阿爾及利亞,1,0,0,0,0,1,0,0,0
108,非洲,查德,2,0,0,0,0,0,0,0,0
108,非洲,象牙海岸,1,0,0,1,0,0,0,0,0
108,非洲,賴索托,1,0,0,0,0,1,0,0,0
108,非洲,馬達加斯加,0,1,0,0,0,1,0,0,0
108,非洲,盧安達,1,0,0,0,0,1,0,0,0
108,非洲,蘇丹,1,0,0,0,0,1,0,0,0
108,非洲,安哥拉,0,0,0,0,0,1,0,0,0
108,非洲,波札那,0,0,0,0,0,1,0,0,0
108,非洲,吉布地,1,0,0,0,0,0,0,0,0
108,非洲,馬利,0,0,0,0,0,1,0,0,0
108,非洲,多哥,0,0,0,0,0,1,0,0,0
108,歐洲,法國,124,3,0,1031,159,972,0,0,0
108,歐洲,德國,134,1,0,626,58,637,0,0,0
108,歐洲,英國,65,1,0,35,16,288,0,0,0
108,歐洲,荷蘭,19,0,0,235,21,129,0,0,0
108,歐洲,西班牙,42,4,0,138,19,193,0,0,0
108,歐洲,義大利,44,3,0,103,20,192,0,0,0
108,歐洲,捷克,24,0,0,128,17,107,0,0,0
108,歐洲,瑞典,8,0,0,134,21,97,0,0,0
108,歐洲,波蘭,45,0,0,40,12,160,0,0,0
108,歐洲,比利時,15,0,0,87,26,85,0,0,0
108,歐洲,奧地利,32,0,0,78,7,82,0,0,1
108,歐洲,瑞士,19,0,0,55,2,96,0,0,0
108,歐洲,芬蘭,5,0,0,69,9,40,0,0,0
108,歐洲,丹麥,4,0,0,39,19,38,0,0,0
108,歐洲,匈牙利,18,1,0,11,3,36,0,0,0
108,歐洲,葡萄牙,19,4,0,15,0,21,0,0,0
108,歐洲,烏克蘭,23,0,0,0,1,33,0,0,0
108,歐洲,挪威,1,0,0,29,0,25,0,0,0
108,歐洲,斯洛伐克,12,0,0,7,2,29,0,0,0
108,歐洲,愛爾蘭,7,0,0,2,8,30,0,0,0
108,歐洲,白俄羅斯,11,0,0,0,0,20,0,0,0
108,歐洲,羅馬尼亞,4,0,0,0,4,16,0,0,0
108,歐洲,保加利亞,3,0,0,3,0,14,0,0,0
108,歐洲,立陶宛,1,0,0,6,0,13,0,0,0
108,歐洲,斯洛維尼亞,2,0,0,3,2,10,0,0,0
108,歐洲,克羅埃西亞,6,0,0,0,0,9,0,0,0
108,歐洲,拉脫維亞,3,0,0,0,0,9,0,0,0
108,歐洲,冰島,2,0,0,2,0,4,0,0,0
108,歐洲,塞爾維亞共和國,4,0,0,0,0,4,0,0,0
108,歐洲,希臘,1,0,0,1,0,5,0,0,0
108,歐洲,愛沙尼亞,2,0,0,0,0,4,0,0,0
108,歐洲,阿爾巴尼亞,1,0,0,0,0,2,0,0,0
108,歐洲,盧森堡,0,0,0,0,0,2,0,0,0
108,歐洲,波士尼亞與赫塞哥維納,1,0,0,0,0,1,0,0,0
108,歐洲,列支敦斯登,0,0,0,1,0,0,0,0,0
108,歐洲,摩納哥,1,0,0,0,0,0,0,0,0
108,歐洲,科索沃共和國,1,0,0,0,0,0,0,0,0
108,歐洲,北馬其頓共和國,1,0,0,0,0,0,0,0,0
108,美洲,美國,417,165,0,260,270,2702,0,0,1
108,美洲,加拿大,68,120,0,81,15,234,0,0,2
108,美洲,宏都拉斯,198,1,0,0,0,163,0,0,0
108,美洲,海地,133,0,0,0,0,99,0,0,0
108,美洲,墨西哥,61,8,0,20,3,131,0,0,0
108,美洲,貝里斯,143,8,0,0,0,64,0,0,0
108,美洲,尼加拉瓜,89,7,0,0,0,64,0,0,0
108,美洲,瓜地馬拉,80,1,0,1,0,66,0,0,0
108,美洲,聖文森,81,0,0,0,0,51,0,0,0
108,美洲,聖露西亞,79,0,0,0,0,52,0,0,0
108,美洲,薩爾瓦多,58,4,0,0,0,24,0,0,0
108,美洲,巴拿馬,45,2,0,0,0,12,0,0,0
108,美洲,多明尼加,9,11,0,0,0,8,0,0,0
108,美洲,哥斯大黎加,2,6,0,0,0,7,0,0,0
108,美洲,千里達,0,0,0,3,4,2,0,0,0
108,美洲,牙買加,0,0,0,0,0,2,0,0,0
108,美洲,巴哈馬,0,0,0,0,0,1,0,0,0
108,美洲,波多黎各,0,0,0,0,0,1,0,0,0
108,美洲,巴拉圭,112,28,0,0,0,122,0,2,0
108,美洲,巴西,55,29,0,9,0,170,0,0,0
108,美洲,聖克里斯多福,61,0,0,0,0,31,0,0,0
108,美洲,哥倫比亞,30,2,0,7,1,44,0,0,0
108,美洲,秘魯,38,3,0,4,0,38,0,0,0
108,美洲,阿根廷,9,24,0,0,0,40,0,0,0
108,美洲,厄瓜多,25,12,0,2,0,29,0,0,0
108,美洲,智利,7,14,0,0,1,21,0,0,0
108,美洲,委內瑞拉,2,5,0,0,0,6,0,0,0
108,美洲,玻利維亞,4,3,0,0,0,3,0,0,0
108,美洲,蓋亞那,1,0,0,0,0,0,0,0,0
108,美洲,烏拉圭,0,0,0,0,0,1,0,0,0
109,亞洲,越南,10319,1601,0,324,200,5053,0,43,504
109,亞洲,印尼,6289,2474,0,1216,2079,3369,0,166,1
109,亞洲,馬來西亞,4135,7466,0,9,75,110,0,1228,140
109,亞洲,香港,0,7810,0,12,69,24,0,0,0
109,亞洲,大陸地區,0,0,6032,0,0,1,0,0,0
109,亞洲,日本,1975,172,0,106,260,2602,0,1,5
109,亞洲,澳門,0,3158,0,30,1,0,0,0,0
109,亞洲,泰國,1008,189,0,26,267,1170,0,15,5
109,亞洲,菲律賓,939,53,0,79,13,1085,0,4,0
109,亞洲,南韓,690,152,0,41,72,1173,0,0,3
109,亞洲,印度,1362,11,0,157,200,392,0,0,1
109,亞洲,蒙古,645,0,0,0,39,341,0,0,0
109,亞洲,緬甸,179,635,0,0,1,30,0,83,7
109,亞洲,俄羅斯,152,0,0,12,1,140,0,0,0
109,亞洲,新加坡,78,74,0,2,116,14,0,0,10
109,亞洲,巴基斯坦,155,0,0,0,0,11,0,0,0
109,亞洲,以色列,6,0,0,0,110,26,0,0,0
109,亞洲,土耳其,68,0,0,5,2,63,0,0,0
109,亞洲,柬埔寨,64,3,0,0,0,37,0,0,1
109,亞洲,尼泊爾,86,0,0,0,3,10,0,0,0
109,亞洲,斯里蘭卡,66,1,0,0,0,3,0,0,0
109,亞洲,伊朗,43,5,0,0,0,15,0,0,0
109,亞洲,孟加拉,41,0,0,0,3,2,0,0,0
109,亞洲,吉爾吉斯,36,0,0,0,1,8,0,0,0
109,亞洲,汶萊,4,6,0,0,0,5,0,28,0
109,亞洲,約旦,20,3,0,0,0,9,0,1,0
109,亞洲,寮國,19,3,0,0,0,9,0,1,0
109,亞洲,葉門,8,3,0,0,0,4,0,0,0
109,亞洲,伊拉克,11,0,0,0,0,2,0,0,0
109,亞洲,烏茲別克,8,0,0,0,0,5,0,0,0
109,亞洲,巴林,0,0,0,0,12,0,0,0,0
109,亞洲,哈薩克,7,0,0,0,0,5,0,0,0
109,亞洲,土庫曼,8,0,0,0,0,4,0,0,0
109,亞洲,阿富汗,3,0,0,0,0,1,0,0,4
109,亞洲,沙烏地阿拉伯,2,1,0,0,0,3,0,0,0
109,亞洲,巴勒斯坦,6,0,0,0,0,0,0,0,0
109,亞洲,黎巴嫩,1,1,0,0,0,2,0,0,0
109,亞洲,不丹,0,0,0,0,0,3,0,0,0
109,亞洲,科威特,1,1,0,0,0,0,0,0,0
109,亞洲,敘利亞,0,0,0,0,0,2,0,0,0
109,亞洲,亞美尼亞,0,0,0,0,0,2,0,0,0
109,亞洲,塔吉克,2,0,0,0,0,0,0,0,0
109,亞洲,馬爾地夫,0,0,0,0,0,1,0,0,0
109,亞洲,亞塞拜然,0,0,0,0,0,1,0,0,0
109,大洋洲,澳大利亞,18,6,0,5,2,209,0,0,1
109,大洋洲,帛琉,42,1,0,0,0,34,0,0,0
109,大洋洲,紐西蘭,4,8,0,2,2,51,0,1,0
109,大洋洲,馬紹爾群島共和國,33,1,0,0,0,26,0,0,0
109,大洋洲,諾魯,17,0,0,0,0,24,0,0,0
109,大洋洲,吐瓦魯,21,0,0,0,0,14,0,0,0
109,大洋洲,巴布亞紐幾內亞,22,1,0,0,0,8,0,0,0
109,大洋洲,索羅門群島,20,0,0,0,0,0,0,0,0
109,大洋洲,吉里巴斯,9,0,0,0,0,3,0,0,0
109,大洋洲,斐濟,4,0,0,0,0,2,0,0,0
109,非洲,史瓦帝尼王國,320,4,0,0,0,72,0,0,0
109,非洲,衣索比亞,165,0,0,0,0,5,0,0,0
109,非洲,南非,52,43,0,2,0,46,0,0,0
109,非洲,坦尚尼亞,50,0,0,0,0,31,0,0,0
109,非洲,甘比亞,57,0,0,0,0,3,0,0,0
109,非洲,奈及利亞,41,1,0,0,1,12,0,0,0
109,非洲,馬拉威,50,1,0,0,0,2,0,0,0
109,非洲,埃及,36,0,0,0,1,12,0,0,0
109,非洲,蒲隆地,27,0,0,0,0,12,0,0,0
109,非洲,布吉納法索,33,0,0,0,0,4,0,0,0
109,非洲,烏干達,27,0,0,0,0,3,0,0,0
109,非洲,肯亞,16,0,0,0,0,4,0,0,0
109,非洲,摩洛哥,6,0,0,1,0,10,0,0,0
109,非洲,喀麥隆,5,0,0,0,1,1,0,0,0
109,非洲,剛果,4,0,0,0,0,3,0,0,0
109,非洲,迦納,6,0,0,0,0,1,0,0,0
109,非洲,辛巴威,6,0,0,0,0,1,0,0,0
109,非洲,幾內亞,1,0,0,0,0,3,0,0,0
109,非洲,莫三比克,3,0,0,0,0,1,0,0,0
109,非洲,塞內加爾,3,0,0,0,0,1,0,0,0
109,非洲,蘇丹,2,0,0,0,0,2,0,0,0
109,非洲,突尼西亞,1,0,0,0,0,2,0,0,0
109,非洲,尚比亞,3,0,0,0,0,0,0,0,0
109,非洲,阿爾及利亞,1,0,0,0,0,1,0,0,0
109,非洲,查德,2,0,0,0,0,0,0,0,0
109,非洲,加彭,1,0,0,0,0,1,0,0,0
109,非洲,賴索托,1,0,0,0,0,1,0,0,0
109,非洲,利比亞,0,0,0,0,0,2,0,0,0
109,非洲,模里西斯,0,0,0,0,0,2,0,0,0
109,非洲,獅子山共和國,2,0,0,0,0,0,0,0,0
109,非洲,剛果民主共和國,1,0,0,0,0,1,0,0,0
109,非洲,納米比亞,2,0,0,0,0,0,0,0,0
109,非洲,索馬利蘭共和國,2,0,0,0,0,0,0,0,0
109,非洲,安哥拉,0,0,0,0,0,1,0,0,0
109,非洲,中非,0,0,0,0,0,1,0,0,0
109,非洲,吉布地,1,0,0,0,0,0,0,0,0
109,非洲,象牙海岸,1,0,0,0,0,0,0,0,0
109,非洲,馬達加斯加,0,1,0,0,0,0,0,0,0
109,非洲,尼日,0,0,0,0,1,0,0,0,0
109,非洲,盧安達,1,0,0,0,0,0,0,0,0
109,非洲,多哥,0,0,0,0,0,1,0,0,0
109,歐洲,法國,97,1,0,68,13,454,0,0,1
109,歐洲,德國,119,1,0,78,27,258,0,0,0
109,歐洲,英國,66,3,0,17,36,242,0,0,0
109,歐洲,西班牙,40,5,0,15,1,83,0,0,0
109,歐洲,波蘭,52,0,0,7,0,78,0,0,0
109,歐洲,義大利,36,2,0,14,1,80,0,0,0
109,歐洲,捷克,20,0,0,14,0,57,0,0,0
109,歐洲,荷蘭,17,0,0,1,1,67,0,0,0
109,歐洲,瑞典,8,0,0,7,31,37,0,0,0
109,歐洲,瑞士,14,0,0,4,0,61,0,0,0
109,歐洲,奧地利,21,0,0,6,1,36,0,0,1
109,歐洲,比利時,12,1,0,7,0,44,0,0,1
109,歐洲,烏克蘭,18,0,0,0,1,29,0,0,0
109,歐洲,葡萄牙,20,6,0,1,0,9,0,0,0
109,歐洲,斯洛伐克,13,0,0,1,1,16,0,0,0
109,歐洲,匈牙利,17,0,0,0,0,13,0,0,0
109,歐洲,丹麥,4,0,0,1,0,22,0,0,0
109,歐洲,芬蘭,5,0,0,2,0,15,0,0,0
109,歐洲,挪威,3,0,0,0,1,18,0,0,0
109,歐洲,愛爾蘭,7,1,0,0,0,11,0,0,0
109,歐洲,克羅埃西亞,7,0,0,0,0,7,0,0,0
109,歐洲,拉脫維亞,4,0,0,0,0,7,0,0,0
109,歐洲,羅馬尼亞,1,0,0,0,0,9,0,0,0
109,歐洲,立陶宛,3,0,0,1,0,5,0,0,0
109,歐洲,斯洛維尼亞,3,0,0,0,0,6,0,0,0
109,歐洲,保加利亞,5,0,0,0,0,3,0,0,0
109,歐洲,白俄羅斯,5,0,0,0,0,1,0,0,0
109,歐洲,塞爾維亞共和國,5,0,0,0,0,1,0,0,0
109,歐洲,愛沙尼亞,3,0,0,0,0,2,0,0,0
109,歐洲,希臘,1,0,0,0,0,3,0,0,0
109,歐洲,阿爾巴尼亞,1,0,0,0,0,2,0,0,0
109,歐洲,冰島,1,0,0,0,0,1,0,0,0
109,歐洲,盧森堡,0,0,0,1,0,0,0,0,0
109,歐洲,波士尼亞與赫塞哥維納,1,0,0,0,0,0,0,0,0
109,歐洲,科索沃共和國,1,0,0,0,0,0,0,0,0
109,美洲,美國,405,144,0,181,131,1347,0,0,15
109,美洲,加拿大,58,114,0,11,8,205,0,0,2
109,美洲,宏都拉斯,216,1,0,1,0,157,0,0,9
109,美洲,貝里斯,164,7,0,0,0,89,0,0,0
109,美洲,海地,145,0,0,0,0,52,0,0,0
109,美洲,瓜地馬拉,88,4,0,2,0,82,0,0,8
109,美洲,尼加拉瓜,84,5,0,1,0,54,0,0,7
109,美洲,聖文森,87,0,0,0,0,51,0,0,0
109,美洲,聖露西亞,97,0,0,0,0,37,0,0,0
109,美洲,墨西哥,58,5,0,3,0,55,0,0,1
109,美洲,薩爾瓦多,47,6,0,0,0,27,0,0,0
109,美洲,巴拿馬,27,1,0,0,0,15,0,0,1
109,美洲,多明尼加,9,7,0,0,0,3,0,0,0
109,美洲,哥斯大黎加,1,5,0,0,0,10,0,0,0
109,美洲,牙買加,2,0,0,0,0,0,0,0,0
109,美洲,格瑞那達,1,0,0,0,0,0,0,0,0
109,美洲,波多黎各,0,0,0,0,0,1,0,0,0
109,美洲,多米尼克,0,0,0,0,0,1,0,0,0
109,美洲,巴拉圭,135,20,0,0,0,131,0,2,5
109,美洲,巴西,53,31,0,1,0,87,0,0,0
109,美洲,秘魯,38,4,0,0,0,53,0,0,1
109,美洲,聖克里斯多福,59,0,0,0,0,33,0,0,0
109,美洲,阿根廷,10,26,0,0,0,38,0,1,1
109,美洲,哥倫比亞,37,1,0,1,0,32,0,0,0
109,美洲,智利,7,12,0,0,0,34,0,0,1
109,美洲,厄瓜多,17,8,0,0,0,14,0,0,0
109,美洲,委內瑞拉,5,4,0,0,0,29,0,0,0
109,美洲,玻利維亞,4,1,0,0,0,10,0,0,0
109,美洲,蓋亞那,1,0,0,0,0,0,0,0,0
110,亞洲,越南,11945,2149,0,373,217,4122,0,15,310
110,亞洲,印尼,6609,3258,0,2055,834,3126,0,138,1
110,亞洲,馬來西亞,3735,7572,0,68,27,172,0,947,105
110,亞洲,香港,0,9012,0,23,43,90,0,0,0
110,亞洲,日本,2199,191,0,199,529,2468,0,0,0
110,亞洲,大陸地區,0,0,4293,0,0,0,0,0,0
110,亞洲,印度,1475,2,0,957,94,467,0,0,0
110,亞洲,泰國,1218,232,0,18,306,1075,0,13,2
110,亞洲,澳門,0,2493,0,14,0,4,0,0,0
110,亞洲,菲律賓,1153,50,0,22,62,958,0,3,0
110,亞洲,南韓,664,134,0,14,81,860,0,0,0
110,亞洲,緬甸,234,822,0,4,18,55,0,40,11
110,亞洲,蒙古,498,0,0,2,0,382,0,0,0
110,亞洲,俄羅斯,164,0,0,17,7,248,0,0,0
110,亞洲,巴基斯坦,207,0,0,0,2,14,0,0,0
110,亞洲,新加坡,89,73,0,8,17,22,0,0,0
110,亞洲,柬埔寨,68,19,0,0,1,119,0,0,1
110,亞洲,土耳其,67,0,0,9,18,53,0,0,0
110,亞洲,伊朗,49,5,0,1,0,31,0,0,0
110,亞洲,斯里蘭卡,76,0,0,0,0,10,0,0,0
110,亞洲,尼泊爾,71,0,0,0,0,14,0,0,0
110,亞洲,吉爾吉斯,50,0,0,0,0,25,0,0,0
110,亞洲,孟加拉,41,0,0,9,12,6,0,0,0
110,亞洲,約旦,18,7,0,0,0,14,0,0,0
110,亞洲,以色列,8,0,0,1,0,21,0,0,0
110,亞洲,寮國,24,2,0,0,0,3,0,1,0
110,亞洲,汶萊,3,9,0,0,0,1,0,15,0
110,亞洲,葉門,9,2,0,0,0,3,0,0,0
110,亞洲,伊拉克,7,0,0,0,0,2,0,0,0
110,亞洲,哈薩克,6,0,0,1,0,2,0,0,0
110,亞洲,土庫曼,6,0,0,0,0,3,0,0,0
110,亞洲,烏茲別克,3,0,0,0,0,3,0,0,0
110,亞洲,塔吉克,5,0,0,0,0,1,0,0,0
110,亞洲,沙烏地阿拉伯,0,2,0,0,0,3,0,0,0
110,亞洲,巴勒斯坦,4,0,0,0,0,1,0,0,0
110,亞洲,亞美尼亞,2,0,0,0,0,2,0,0,0
110,亞洲,阿富汗,1,1,0,0,0,1,0,0,0
110,亞洲,黎巴嫩,1,1,0,0,0,1,0,0,0
110,亞洲,不丹,1,0,0,0,1,0,0,0,0
110,亞洲,敘利亞,2,0,0,0,0,0,0,0,0
110,亞洲,賽普勒斯,0,0,0,1,0,0,0,0,0
110,亞洲,科威特,1,0,0,0,0,0,0,0,0
110,亞洲,阿拉伯聯合大公國,0,1,0,0,0,0,0,0,0
110,大洋洲,澳大利亞,22,7,0,9,1,281,0,0,0
110,大洋洲,紐西蘭,4,7,0,0,8,119,0,1,0
110,大洋洲,帛琉,51,1,0,0,0,43,0,0,0
110,大洋洲,馬紹爾群島共和國,43,2,0,0,0,28,0,0,0
110,大洋洲,諾魯,19,0,0,0,0,49,0,0,0
110,大洋洲,巴布亞紐幾內亞,22,1,0,0,0,7,0,0,0
110,大洋洲,吐瓦魯,17,0,0,0,0,3,0,0,0
110,大洋洲,索羅門群島,9,0,0,0,0,0,0,0,0
110,大洋洲,斐濟,3,0,0,0,0,1,0,0,0
110,大洋洲,吉里巴斯,3,0,0,0,0,1,0,0,0
110,非洲,史瓦帝尼王國,319,3,0,0,50,92,0,0,0
110,非洲,衣索比亞,161,0,0,0,2,7,0,0,0
110,非洲,南非,54,39,0,0,0,46,0,1,0
110,非洲,埃及,57,0,0,0,23,12,0,0,0
110,非洲,甘比亞,44,0,0,0,38,3,0,0,0
110,非洲,坦尚尼亞,49,0,0,0,0,36,0,0,0
110,非洲,奈及利亞,52,1,0,0,6,9,0,0,0
110,非洲,馬拉威,50,0,0,0,4,2,0,0,0
110,非洲,蒲隆地,21,0,0,0,0,15,0,0,0
110,非洲,索馬利蘭共和國,22,0,0,0,0,14,0,0,0
110,非洲,布吉納法索,23,0,0,0,0,3,0,0,0
110,非洲,烏干達,23,0,0,0,0,2,0,0,0
110,非洲,肯亞,16,0,0,0,0,4,0,0,0
110,非洲,莫三比克,5,0,0,0,0,11,0,0,0
110,非洲,獅子山共和國,2,0,0,0,0,12,0,0,0
110,非洲,迦納,6,0,0,1,3,1,0,0,0
110,非洲,摩洛哥,6,0,0,0,0,5,0,0,0
110,非洲,辛巴威,6,0,0,0,0,5,0,0,0
110,非洲,索馬利亞民主共和國,3,0,0,0,2,3,0,0,0
110,非洲,剛果,5,0,0,0,0,1,0,0,0
110,非洲,阿爾及利亞,1,0,0,0,3,1,0,0,0
110,非洲,模里西斯,1,1,0,0,0,3,0,0,0
110,非洲,剛果民主共和國,0,0,0,0,0,5,0,0,0
110,非洲,納米比亞,2,2,0,0,0,1,0,0,0
110,非洲,聖多美普林西比,0,0,0,0,0,4,0,0,0
110,非洲,尚比亞,4,0,0,0,0,0,0,0,0
110,非洲,貝南,3,0,0,0,0,0,0,0,0
110,非洲,喀麥隆,2,0,0,0,0,1,0,0,0
110,非洲,塞內加爾,3,0,0,0,0,0,0,0,0
110,非洲,蘇丹,2,0,0,0,0,1,0,0,0
110,非洲,多哥,1,0,0,0,1,1,0,0,0
110,非洲,突尼西亞,2,0,0,0,0,1,0,0,0
110,非洲,查德,2,0,0,0,0,0,0,0,0
110,非洲,象牙海岸,0,0,0,1,1,0,0,0,0
110,非洲,賴索托,1,0,0,0,0,1,0,0,0
110,非洲,利比亞,1,0,0,0,0,1,0,0,0
110,非洲,盧安達,1,0,0,0,0,1,0,0,0
110,非洲,安哥拉,0,0,0,0,0,1,0,0,0
110,非洲,中非,0,0,0,0,0,1,0,0,0
110,非洲,吉布地,1,0,0,0,0,0,0,0,0
110,非洲,加彭,1,0,0,0,0,0,0,0,0
110,非洲,幾內亞,1,0,0,0,0,0,0,0,0
110,非洲,馬達加斯加,0,1,0,0,0,0,0,0,0
110,非洲,南蘇丹共和國,1,0,0,0,0,0,0,0,0
110,歐洲,法國,104,1,0,243,9,339,0,0,0
110,歐洲,德國,125,1,0,186,26,255,0,0,0
110,歐洲,英國,78,2,0,105,10,359,0,0,0
110,歐洲,西班牙,47,6,0,60,0,124,0,0,0
110,歐洲,義大利,45,3,0,31,0,101,0,0,0
110,歐洲,捷克,26,0,0,37,11,81,0,0,0
110,歐洲,波蘭,49,0,0,16,0,79,0,0,0
110,歐洲,比利時,12,2,0,44,5,45,0,0,0
110,歐洲,烏克蘭,25,0,0,4,28,46,0,0,0
110,歐洲,荷蘭,26,2,0,17,0,54,0,0,0
110,歐洲,奧地利,35,0,0,18,0,26,0,0,1
110,歐洲,瑞士,21,1,0,18,0,33,0,0,0
110,歐洲,匈牙利,18,1,0,18,6,24,0,0,0
110,歐洲,瑞典,8,0,0,15,2,24,0,0,0
110,歐洲,斯洛伐克,14,0,0,6,0,21,0,0,0
110,歐洲,芬蘭,3,0,0,12,0,17,0,0,0
110,歐洲,葡萄牙,16,8,0,1,0,7,0,0,0
110,歐洲,愛爾蘭,8,1,0,4,0,13,0,0,0
110,歐洲,立陶宛,2,0,0,4,6,5,0,0,0
110,歐洲,羅馬尼亞,6,0,0,3,0,6,0,0,0
110,歐洲,挪威,4,0,0,2,0,6,0,0,0
110,歐洲,丹麥,4,0,0,3,0,4,0,0,0
110,歐洲,克羅埃西亞,5,0,0,1,0,3,0,0,0
110,歐洲,拉脫維亞,5,0,0,0,0,2,0,0,0
110,歐洲,白俄羅斯,6,0,0,0,0,1,0,0,0
110,歐洲,保加利亞,1,0,0,3,0,2,0,0,0
110,歐洲,冰島,1,0,0,3,0,2,0,0,0
110,歐洲,斯洛維尼亞,4,0,0,1,0,0,0,0,0
110,歐洲,塞爾維亞共和國,4,0,0,1,0,0,0,0,0
110,歐洲,阿爾巴尼亞,1,0,0,1,0,2,0,0,0
110,歐洲,希臘,2,0,0,0,0,2,0,0,0
110,歐洲,愛沙尼亞,2,0,0,2,0,0,0,0,0
110,歐洲,波士尼亞與赫塞哥維納,3,0,0,0,0,0,0,0,0
110,歐洲,盧森堡,0,0,0,2,0,0,0,0,0
110,歐洲,科索沃共和國,1,0,0,0,0,0,0,0,0
110,美洲,美國,415,148,0,206,154,2012,0,0,5
110,美洲,巴拉圭,166,20,0,282,0,115,0,0,5
110,美洲,加拿大,65,119,0,22,8,184,0,0,1
110,美洲,宏都拉斯,227,0,0,1,0,146,0,0,9
110,美洲,貝里斯,190,8,0,0,4,99,0,0,0
110,美洲,巴西,56,34,0,2,0,133,0,0,0
110,美洲,瓜地馬拉,98,5,0,0,0,90,0,0,7
110,美洲,海地,116,0,0,0,0,49,0,0,0
110,美洲,聖露西亞,112,0,0,0,0,49,0,0,0
110,美洲,尼加拉瓜,90,4,0,0,0,62,0,0,7
110,美洲,聖文森,95,0,0,0,0,51,0,0,0
110,美洲,墨西哥,58,4,0,0,0,38,0,0,1
110,美洲,聖克里斯多福,59,0,0,0,0,41,0,0,0
110,美洲,秘魯,51,3,0,2,1,42,0,0,2
110,美洲,哥倫比亞,46,2,0,2,0,30,0,0,0
110,美洲,阿根廷,11,34,0,0,5,18,0,1,0
110,美洲,薩爾瓦多,32,5,0,0,0,21,0,0,0
110,美洲,厄瓜多,19,7,0,2,0,14,0,0,0
110,美洲,巴拿馬,23,2,0,0,0,16,0,0,1
110,美洲,智利,12,11,0,0,0,5,0,0,2
110,美洲,委內瑞拉,7,5,0,0,0,12,0,0,1
110,美洲,多明尼加,5,8,0,0,0,7,0,0,0
110,美洲,玻利維亞,4,2,0,0,0,3,0,0,0
110,美洲,哥斯大黎加,1,4,0,0,0,3,0,0,0
110,美洲,牙買加,1,0,0,0,0,2,0,0,0
110,美洲,千里達,0,0,0,3,0,0,0,0,0
110,美洲,古巴,2,0,0,0,0,0,0,0,0
110,美洲,蓋亞那,2,0,0,0,0,0,0,0,0
110,美洲,格瑞那達,1,0,0,0,0,0,0,0,0
111,亞洲,越南,13649,2492,0,174,310,6962,0,35,204
111,亞洲,印尼,5388,4274,0,765,250,3938,0,150,1
111,亞洲,馬來西亞,3169,7755,0,67,57,596,0,763,95
111,亞洲,香港,0,9069,0,86,137,113,0,0,0
111,亞洲,日本,2465,205,0,888,624,3141,0,0,1
111,亞洲,泰國,1560,263,0,131,748,1892,0,8,2
111,亞洲,大陸地區,0,0,3121,0,0,7,22,0,0
111,亞洲,菲律賓,1486,70,0,76,137,1325,0,4,0
111,亞洲,印度,1452,12,0,372,256,514,0,0,0
111,亞洲,南韓,624,149,0,382,235,1008,0,0,0
111,亞洲,澳門,0,2120,0,59,2,4,0,0,0
111,亞洲,緬甸,248,1215,0,8,5,132,0,65,6
111,亞洲,蒙古,449,0,0,3,5,166,0,0,0
111,亞洲,俄羅斯,179,0,0,24,7,201,0,0,0
111,亞洲,新加坡,109,70,0,76,87,26,0,1,7
111,亞洲,巴基斯坦,232,0,0,0,24,17,0,0,0
111,亞洲,吉爾吉斯,104,0,0,0,0,91,0,0,0
111,亞洲,土耳其,61,0,0,15,12,78,0,0,0
111,亞洲,柬埔寨,62,32,0,0,4,58,0,0,1
111,亞洲,伊朗,57,5,0,0,2,29,0,0,0
111,亞洲,尼泊爾,69,0,0,1,2,11,0,0,0
111,亞洲,斯里蘭卡,46,0,0,1,3,10,0,0,0
111,亞洲,孟加拉,42,0,0,7,3,5,0,0,0
111,亞洲,以色列,8,0,0,12,3,33,0,0,0
111,亞洲,約旦,16,5,0,0,0,22,0,0,0
111,亞洲,寮國,22,3,0,0,0,5,0,0,1
111,亞洲,哈薩克,9,0,0,0,4,10,0,0,0
111,亞洲,汶萊,4,8,0,0,0,0,0,5,0
111,亞洲,伊拉克,8,0,0,0,0,4,0,0,0
111,亞洲,葉門,8,0,0,0,1,3,0,0,0
111,亞洲,土庫曼,8,0,0,0,0,2,0,0,0
111,亞洲,黎巴嫩,1,1,0,4,0,2,0,0,0
111,亞洲,烏茲別克,4,0,0,0,0,4,0,0,0
111,亞洲,塔吉克,6,0,0,0,0,2,0,0,0
111,亞洲,阿富汗,1,0,0,2,0,2,0,0,0
111,亞洲,喬治亞,1,0,0,0,4,0,0,0,0
111,亞洲,沙烏地阿拉伯,1,2,0,0,0,1,0,0,0
111,亞洲,巴勒斯坦,4,0,0,0,0,0,0,0,0
111,亞洲,賽普勒斯,0,0,0,2,0,1,0,0,0
111,亞洲,巴林,1,0,0,0,0,1,0,0,0
111,亞洲,不丹,1,0,0,0,0,1,0,0,0
111,亞洲,敘利亞,1,0,0,0,0,1,0,0,0
111,亞洲,亞美尼亞,1,0,0,0,1,0,0,0,0
111,亞洲,亞塞拜然,1,0,0,0,1,0,0,0,0
111,亞洲,馬爾地夫,0,0,0,0,0,1,0,0,0
111,亞洲,阿曼,1,0,0,0,0,0,0,0,0
111,大洋洲,澳大利亞,23,6,0,62,32,539,0,0,0
111,大洋洲,紐西蘭,4,7,0,3,15,129,0,0,0
111,大洋洲,帛琉,55,2,0,0,0,29,0,0,0
111,大洋洲,馬紹爾群島共和國,48,2,0,0,0,21,0,0,0
111,大洋洲,諾魯,21,0,0,0,0,31,0,0,0
111,大洋洲,巴布亞紐幾內亞,25,1,0,0,0,17,0,0,0
111,大洋洲,吐瓦魯,15,0,0,0,0,23,0,0,0
111,大洋洲,斐濟,5,1,0,0,0,14,0,0,0
111,大洋洲,索羅門群島,10,0,0,0,0,0,0,0,0
111,大洋洲,吉里巴斯,2,0,0,0,0,1,0,0,0
111,大洋洲,萬那杜,1,0,0,0,0,0,0,0,0
111,非洲,史瓦帝尼王國,292,3,0,0,0,99,0,0,0
111,非洲,衣索比亞,171,0,0,1,1,8,0,0,0
111,非洲,南非,44,39,0,3,3,30,0,1,0
111,非洲,索馬利蘭共和國,45,0,0,0,0,35,0,0,0
111,非洲,坦尚尼亞,60,0,0,0,0,12,0,0,0
111,非洲,奈及利亞,44,3,0,0,5,17,0,0,1
111,非洲,埃及,50,0,0,1,8,9,0,0,0
111,非洲,馬拉威,50,0,0,0,0,4,0,0,0
111,非洲,蒲隆地,34,0,0,0,0,14,0,0,0
111,非洲,烏干達,29,0,0,0,0,14,0,0,0
111,非洲,甘比亞,32,0,0,3,0,1,0,0,0
111,非洲,肯亞,14,0,0,0,2,7,0,0,0
111,非洲,摩洛哥,5,0,0,2,0,15,0,0,0
111,非洲,布吉納法索,17,0,0,0,0,2,0,0,0
111,非洲,莫三比克,8,0,0,0,0,9,0,0,0
111,非洲,辛巴威,5,0,0,0,0,6,0,0,1
111,非洲,剛果,5,0,0,0,0,3,0,0,0
111,非洲,突尼西亞,2,0,0,0,1,5,0,0,0
111,非洲,蘇丹,2,0,0,0,2,3,0,0,0
111,非洲,迦納,3,0,0,2,1,0,0,0,0
111,非洲,索馬利亞民主共和國,2,0,0,0,0,4,0,0,0
111,非洲,阿爾及利亞,1,0,0,3,0,1,0,0,0
111,非洲,模里西斯,3,1,0,0,0,1,0,0,0
111,非洲,塞內加爾,5,0,0,0,0,0,0,0,0
111,非洲,貝南,3,0,0,0,0,1,0,0,0
111,非洲,賴索托,2,0,0,0,0,2,0,0,0
111,非洲,剛果民主共和國,2,0,0,0,0,2,0,0,0
111,非洲,尚比亞,3,0,0,0,0,1,0,0,0
111,非洲,象牙海岸,2,0,0,0,0,1,0,0,0
111,非洲,盧安達,2,0,0,0,0,1,0,0,0
111,非洲,納米比亞,1,2,0,0,0,0,0,0,0
111,非洲,南蘇丹共和國,3,0,0,0,0,0,0,0,0
111,非洲,喀麥隆,2,0,0,0,0,0,0,0,0
111,非洲,查德,1,0,0,0,0,1,0,0,0
111,非洲,吉布地,1,0,0,0,0,1,0,0,0
111,非洲,幾內亞,0,0,0,0,0,2,0,0,0
111,非洲,利比亞,2,0,0,0,0,0,0,0,0
111,非洲,安哥拉,0,0,0,0,0,1,0,0,0
111,非洲,波札那,1,0,0,0,0,0,0,0,0
111,非洲,維德角,0,0,0,0,0,1,0,0,0
111,非洲,加彭,1,0,0,0,0,0,0,0,0
111,非洲,馬達加斯加,0,1,0,0,0,0,0,0,0
111,非洲,多哥,1,0,0,0,0,0,0,0,0
111,歐洲,法國,131,2,0,703,60,487,0,0,0
111,歐洲,德國,160,1,0,571,61,473,0,0,0
111,歐洲,英國,82,6,0,116,78,564,0,0,0
111,歐洲,西班牙,40,4,0,114,11,128,0,0,0
111,歐洲,荷蘭,26,2,0,152,12,103,0,0,0
111,歐洲,捷克,28,0,0,88,26,108,0,0,0
111,歐洲,波蘭,47,0,0,53,7,141,0,0,0
111,歐洲,義大利,44,3,0,86,8,91,0,0,0
111,歐洲,烏克蘭,67,0,0,6,26,87,0,0,0
111,歐洲,比利時,17,2,0,59,6,67,0,0,0
111,歐洲,瑞典,9,0,0,65,2,60,0,0,0
111,歐洲,奧地利,30,0,0,31,8,55,0,0,0
111,歐洲,丹麥,5,0,0,25,0,81,0,0,0
111,歐洲,斯洛伐克,12,0,0,36,7,54,0,0,0
111,歐洲,芬蘭,7,0,0,57,2,35,0,0,0
111,歐洲,瑞士,20,0,0,35,3,43,0,0,0
111,歐洲,匈牙利,14,1,0,17,11,44,0,0,0
111,歐洲,挪威,4,1,0,17,5,52,0,0,0
111,歐洲,立陶宛,5,0,0,26,10,34,0,0,0
111,歐洲,葡萄牙,12,5,0,9,4,15,0,0,0
111,歐洲,愛爾蘭,7,1,0,3,3,17,0,0,0
111,歐洲,羅馬尼亞,8,0,0,8,4,8,0,0,0
111,歐洲,愛沙尼亞,1,0,0,3,1,18,0,0,0
111,歐洲,希臘,1,0,0,2,1,13,0,0,0
111,歐洲,拉脫維亞,9,0,0,0,0,8,0,0,0
111,歐洲,斯洛維尼亞,3,0,0,3,2,7,0,0,0
111,歐洲,克羅埃西亞,3,0,0,4,0,7,0,0,0
111,歐洲,塞爾維亞共和國,6,0,0,0,0,7,0,0,0
111,歐洲,保加利亞,1,0,0,2,4,5,0,0,0
111,歐洲,白俄羅斯,7,0,0,1,1,3,0,0,0
111,歐洲,盧森堡,1,0,0,3,0,1,0,0,0
111,歐洲,阿爾巴尼亞,1,0,0,0,1,1,0,0,0
111,歐洲,冰島,0,0,0,0,0,2,0,0,0
111,歐洲,波士尼亞與赫塞哥維納,2,0,0,0,0,0,0,0,0
111,歐洲,科索沃共和國,1,0,0,0,0,1,0,0,0
111,歐洲,北馬其頓共和國,0,0,0,0,1,1,0,0,0
111,美洲,美國,423,149,0,399,706,2192,0,0,4
111,美洲,加拿大,68,138,0,44,65,220,0,1,0
111,美洲,宏都拉斯,220,0,0,1,0,138,0,0,6
111,美洲,貝里斯,222,4,0,0,1,104,0,0,0
111,美洲,瓜地馬拉,114,4,0,1,0,90,0,0,8
111,美洲,海地,117,0,0,0,0,99,0,0,0
111,美洲,墨西哥,63,5,0,15,15,75,0,0,1
111,美洲,聖露西亞,122,0,0,0,2,44,0,0,0
111,美洲,聖文森,98,0,0,0,0,56,0,0,0
111,美洲,尼加拉瓜,50,4,0,0,0,21,0,0,2
111,美洲,薩爾瓦多,31,4,0,0,0,7,0,0,0
111,美洲,巴拿馬,18,3,0,0,0,4,0,0,0
111,美洲,多明尼加,2,8,0,2,1,2,0,0,0
111,美洲,千里達,0,0,0,4,9,1,0,0,0
111,美洲,哥斯大黎加,1,5,0,0,0,3,0,0,0
111,美洲,牙買加,1,0,0,0,1,1,0,0,0
111,美洲,古巴,0,0,0,0,0,2,0,0,0
111,美洲,巴哈馬,1,0,0,0,0,0,0,0,0
111,美洲,格瑞那達,1,0,0,0,0,0,0,0,0
111,美洲,巴拉圭,179,16,0,88,0,159,0,0,6
111,美洲,巴西,45,32,0,4,23,50,0,0,0
111,美洲,秘魯,45,3,0,3,2,47,0,0,0
111,美洲,聖克里斯多福,64,0,0,0,0,35,0,0,0
111,美洲,哥倫比亞,44,2,0,5,0,31,0,0,1
111,美洲,阿根廷,13,40,0,1,1,21,0,2,1
111,美洲,智利,12,11,0,2,0,16,0,0,1
111,美洲,厄瓜多,15,4,0,0,0,17,0,0,1
111,美洲,委內瑞拉,7,5,0,1,0,11,0,0,1
111,美洲,玻利維亞,6,1,0,0,0,5,0,0,0
111,美洲,蓋亞那,2,0,0,0,0,0,0,0,0
111,美洲,烏拉圭,0,0,0,0,0,0,0,0,1
